ID,Time,Data0,Data1,Data2,Data3,Data4,Data5,Data6,Data7
192,50181,0,0,0,0,0,1,0,0
192,50193,0,0,0,0,1,0,0,0
11,50193,10,13
192,50211,0,0,0,0,0,1,0,0
11,50211,10,13
12,50225,3,18
11,50240,10,12
192,50241,0,0,0,0,0,1,0,0
15,50250,1
192,50271,0,0,0,0,0,1,0,0
11,50271,10,13
192,50301,0,0,0,0,0,1,0,0
11,50301,10,12
12,50301,3,17
192,50331,0,0,0,0,0,1,0,0
11,50331,10,13
15,50350,1
11,50360,10,12
192,50361,0,0,0,0,0,1,0,0
12,50375,3,18
11,50390,10,12
192,50391,0,0,0,0,0,1,0,0
192,50421,0,0,0,0,0,1,0,0
11,50421,10,12
192,50451,0,0,0,0,0,1,0,0
11,50451,10,12
12,50451,3,17
15,50451,1
192,50481,0,0,0,0,0,1,0,0
11,50481,10,13
192,50511,0,0,0,0,0,1,0,0
11,50511,10,14
12,50525,3,17
11,50540,10,12
192,50541,0,0,0,0,0,1,0,0
15,50550,1
192,50571,0,0,0,0,0,1,0,0
11,50571,10,13
192,50601,0,0,0,0,0,1,0,0
11,50601,10,12
12,50601,3,17
192,50631,0,0,0,0,0,1,0,0
11,50631,10,12
15,50650,1
11,50660,10,12
192,50661,0,0,0,0,0,1,0,0
12,50675,3,18
11,50690,10,13
192,50691,0,0,0,0,0,1,0,0
192,50721,0,0,0,0,0,1,0,0
11,50721,10,13
192,50751,0,0,0,0,0,1,0,0
11,50751,10,12
12,50751,3,18
15,50751,1
192,50781,0,0,0,0,0,1,0,0
11,50781,10,13
11,50810,10,12
192,50811,0,0,0,0,0,1,0,0
12,50825,3,17
11,50840,10,12
192,50841,0,0,0,0,0,1,0,0
15,50850,1
192,50871,0,0,0,0,0,1,0,0
11,50871,10,11
192,50901,0,0,0,0,0,1,0,0
11,50901,10,12
12,50901,3,17
192,50931,0,0,0,0,0,1,0,0
11,50931,10,13
15,50950,1
11,50960,10,12
192,50961,0,0,0,0,0,1,0,0
12,50975,3,18
11,50990,10,12
192,50991,0,0,0,0,0,1,0,0
192,51021,0,0,0,0,0,1,0,0
11,51021,10,12
192,51051,0,0,0,0,0,1,0,0
11,51051,10,12
12,51051,3,18
15,51051,1
192,51081,0,0,0,0,0,1,0,0
11,51081,10,12
192,51111,0,0,0,0,0,1,0,0
11,51111,10,12
12,51125,3,17
11,51140,10,12
192,51141,0,0,0,0,0,1,0,0
15,51150,1
192,51171,0,0,0,0,0,1,0,0
11,51171,10,13
11,51200,10,12
12,51201,3,18
192,51201,0,0,0,0,0,1,0,0
192,51231,0,0,0,0,0,1,0,0
11,51231,10,12
15,51250,1
11,51260,10,12
192,51261,0,0,0,0,0,1,0,0
12,51275,3,18
11,51290,10,13
192,51291,0,0,0,0,0,1,0,0
192,51321,0,0,0,0,0,1,0,0
11,51321,10,11
192,51351,0,0,0,0,0,1,0,0
11,51351,10,13
12,51351,3,19
15,51351,1
192,51381,0,0,0,0,0,1,0,0
11,51381,10,11
192,51411,0,0,0,0,0,1,0,0
11,51411,10,13
12,51425,3,18
11,51440,10,12
192,51441,0,0,0,0,0,1,0,0
15,51450,1
192,51471,0,0,0,0,0,1,0,0
11,51471,10,12
192,51501,0,0,0,0,0,1,0,0
11,51501,10,13
12,51501,3,18
192,51531,0,0,0,0,0,1,0,0
11,51531,10,12
15,51550,1
11,51560,10,12
192,51561,0,0,0,0,0,1,0,0
12,51575,3,18
11,51590,10,12
192,51591,0,0,0,0,0,1,0,0
192,51621,0,0,0,0,0,1,0,0
11,51621,10,11
192,51651,0,0,0,0,0,1,0,0
11,51651,10,12
12,51651,3,17
15,51651,1
192,51681,0,0,0,0,0,1,0,0
11,51681,10,12
192,51711,0,0,0,0,0,1,0,0
11,51711,10,13
12,51725,3,17
11,51740,10,12
192,51741,0,0,0,0,0,1,0,0
15,51750,1
192,51771,0,0,0,0,0,1,0,0
11,51771,10,12
192,51801,0,0,0,0,0,1,0,0
11,51801,10,11
12,51801,3,17
192,51831,0,0,0,0,0,1,0,0
11,51831,10,12
15,51850,1
11,51860,10,12
192,51861,0,0,0,0,0,1,0,0
12,51875,3,17
11,51890,10,12
192,51891,0,0,0,0,0,1,0,0
192,51921,0,0,0,0,0,1,0,0
11,51921,10,10
192,51951,0,0,0,0,0,1,0,0
11,51951,10,9
12,51951,3,17
15,51951,1
192,51981,0,0,0,0,0,1,0,0
11,51981,10,10
192,52011,0,0,0,0,0,1,0,0
11,52011,10,11
12,52025,3,17
11,52040,10,9
192,52041,0,0,0,0,0,1,0,0
15,52050,1
192,52071,0,0,0,0,0,1,0,0
11,52071,10,12
192,52101,0,0,0,0,0,1,0,0
11,52101,10,10
12,52101,3,18
192,52131,0,0,0,0,0,1,0,0
11,52131,10,10
15,52150,1
11,52160,10,10
192,52161,0,0,0,0,0,1,0,0
12,52175,3,18
11,52190,10,9
192,52191,0,0,0,0,0,1,0,0
192,52221,0,0,0,0,0,1,0,0
11,52221,10,9
192,52251,0,0,0,0,0,1,0,0
11,52251,10,7
12,52251,3,17
15,52251,1
192,52281,0,0,0,0,0,1,0,0
11,52281,10,8
192,52311,0,0,0,0,0,1,0,0
11,52311,10,9
12,52325,3,18
11,52340,10,8
192,52341,0,0,0,0,0,1,0,0
15,52350,1
192,52371,0,0,0,0,0,1,0,0
11,52371,10,9
192,52401,0,0,0,0,0,1,0,0
11,52401,10,6
12,52401,3,18
192,52431,0,0,0,0,0,1,0,0
11,52431,10,8
15,52450,1
11,52460,10,7
192,52461,0,0,0,0,0,1,0,0
12,52475,3,17
11,52490,10,9
192,52491,0,0,0,0,0,1,0,0
192,52521,0,0,0,0,0,1,0,0
11,52521,10,6
192,52551,0,0,0,0,0,1,0,0
11,52551,10,3
12,52551,3,18
15,52551,1
192,52581,0,0,0,0,0,1,0,0
11,52581,10,5
192,52611,0,0,0,0,0,1,0,0
11,52611,10,7
12,52625,3,17
11,52640,10,7
192,52641,0,0,0,0,0,1,0,0
15,52650,1
192,52671,0,0,0,0,0,1,0,0
11,52671,10,6
192,52701,0,0,0,0,0,1,0,0
11,52701,10,7
12,52701,3,18
192,52731,0,0,0,0,0,1,0,0
11,52731,10,6
15,52750,1
11,52760,10,5
192,52761,0,0,0,0,0,1,0,0
12,52775,3,18
11,52790,10,7
192,52791,0,0,0,0,0,1,0,0
192,52821,0,0,0,0,0,1,0,0
11,52821,10,6
192,52851,0,0,0,0,0,1,0,0
11,52851,10,6
12,52851,3,19
15,52851,1
192,52881,0,0,0,0,0,1,0,0
11,52881,10,4
192,52911,0,0,0,0,0,1,0,0
11,52911,10,10
12,52925,3,18
11,52940,10,5
192,52941,0,0,0,0,0,1,0,0
15,52950,1
192,52971,0,0,0,0,0,1,0,0
11,52971,10,5
192,53001,0,0,0,0,0,1,0,0
11,53001,10,3
12,53001,3,17
192,53031,0,0,0,0,0,1,0,0
11,53031,10,5
15,53050,1
11,53060,10,4
192,53061,0,0,0,0,0,1,0,0
12,53075,3,17
11,53090,10,3
192,53091,0,0,0,0,0,1,0,0
192,53121,0,0,0,0,0,1,0,0
11,53121,10,4
192,53151,0,0,0,0,0,1,0,0
11,53151,10,2
12,53151,3,18
15,53151,1
192,53181,0,0,0,0,0,1,0,0
11,53181,10,6
192,53211,0,0,0,0,0,1,0,0
11,53211,10,1
12,53225,3,18
11,53240,10,0
192,53241,0,0,0,0,0,1,0,0
15,53250,1
192,53271,0,0,0,0,0,1,0,0
11,53271,10,5
192,53301,0,0,0,0,0,1,0,0
11,53301,10,4
12,53301,3,18
192,53331,0,0,0,0,0,1,0,0
11,53331,10,2
15,53350,1
11,53360,10,3
192,53361,0,0,0,0,0,1,0,0
12,53375,3,18
11,53390,10,3
192,53391,0,0,0,0,0,1,0,0
192,53421,0,0,0,0,0,1,0,0
11,53421,10,4
192,53451,0,0,0,0,0,1,0,0
11,53451,10,4
12,53451,3,17
15,53451,1
192,53481,0,0,0,0,0,1,0,0
11,53481,10,4
192,53511,0,0,0,0,0,1,0,0
11,53511,10,3
12,53525,3,18
11,53540,10,4
192,53541,0,0,0,0,0,1,0,0
15,53550,1
192,53571,0,0,0,0,0,1,0,0
11,53571,10,3
192,53601,0,0,0,0,0,1,0,0
11,53601,10,1
12,53601,3,18
192,53631,0,0,0,0,0,1,0,0
11,53631,10,2
15,53650,1
11,53660,10,1
192,53661,0,0,0,0,0,1,0,0
12,53675,3,18
11,53690,10,1
192,53691,0,0,0,0,0,1,0,0
192,53721,0,0,0,0,0,1,0,0
11,53721,10,1
192,53751,0,0,0,0,0,1,0,0
11,53751,10,0
12,53751,3,18
15,53751,1
192,53781,0,0,0,0,0,1,0,0
11,53781,10,0
192,53811,0,0,0,0,0,1,0,0
11,53811,10,1
12,53825,3,18
11,53840,10,4
192,53841,0,0,0,0,0,1,0,0
15,53850,1
192,53871,0,0,0,0,0,1,0,0
11,53871,10,0
192,53901,0,0,0,0,0,1,0,0
11,53901,9,99
12,53901,3,18
192,53931,0,0,0,0,0,1,0,0
11,53931,10,1
15,53950,1
11,53960,9,32
192,53961,0,0,0,0,0,1,0,0
12,53975,3,18
11,53990,6,21
192,53991,0,0,0,0,0,1,0,0
192,54021,0,0,0,0,0,1,0,0
11,54021,2,24
192,54051,0,0,0,0,0,1,0,0
11,54051,0,0
12,54051,3,17
15,54051,1
192,54052,0,0,0,0,0,0,0,0
192,54081,0,0,0,0,0,1,0,0
11,54081,0,0
192,54111,0,0,0,0,0,1,0,0
11,54111,0,52
12,54125,3,17
192,54141,0,0,0,0,0,1,0,0
11,54141,0,24
15,54150,1
192,54171,0,0,0,0,0,1,0,0
11,54171,0,49
11,54200,0,47
12,54201,3,18
192,54201,0,0,0,0,0,1,0,0
192,54231,0,0,0,0,0,1,0,0
11,54231,0,49
15,54250,1
192,54261,0,0,0,0,0,1,0,0
11,54261,0,49
12,54275,3,18
192,54291,0,0,0,0,0,1,0,0
11,54291,0,51
192,54321,0,0,0,0,0,1,0,0
11,54321,0,48
11,54350,0,49
12,54351,3,18
15,54351,1
192,54351,0,0,0,0,0,1,0,0
11,54380,0,50
192,54381,0,0,0,0,0,1,0,0
192,54411,0,0,0,0,0,1,0,0
11,54411,0,51
12,54425,3,18
11,54440,0,48
192,54441,0,0,0,0,0,1,0,0
15,54450,1
192,54471,0,0,0,0,0,1,0,0
11,54471,0,46
192,54501,0,0,0,0,0,1,0,0
11,54501,0,49
12,54501,3,18
192,54531,0,0,0,0,0,1,0,0
11,54531,0,48
15,54550,1
192,54561,0,0,0,0,0,1,0,0
11,54561,0,48
12,54575,3,18
11,54590,0,49
192,54591,0,0,0,0,0,1,0,0
192,54621,0,0,0,0,0,1,0,0
11,54621,0,50
192,54651,0,0,0,0,0,1,0,0
11,54651,0,49
12,54651,3,17
15,54651,1
192,54681,0,0,0,0,0,1,0,0
11,54681,0,50
192,54711,0,0,0,0,0,1,0,0
11,54711,0,47
12,54725,3,18
11,54740,0,48
192,54741,0,0,0,0,0,1,0,0
15,54750,1
192,54771,0,0,0,0,0,1,0,0
11,54771,0,45
192,54801,0,0,0,0,0,1,0,0
11,54801,0,49
12,54801,3,18
192,54831,0,0,0,0,0,1,0,0
11,54831,0,46
15,54850,1
192,54861,0,0,0,0,0,1,0,0
11,54861,0,47
12,54875,3,18
11,54890,0,49
192,54891,0,0,0,0,0,1,0,0
192,54921,0,0,0,0,0,1,0,0
11,54921,0,49
192,54951,0,0,0,0,0,1,0,0
11,54951,0,47
12,54951,3,17
15,54951,1
192,54981,0,0,0,0,0,1,0,0
11,54981,0,47
192,55011,0,0,0,0,0,1,0,0
11,55011,0,49
12,55025,3,18
192,55041,0,0,0,0,0,1,0,0
11,55041,0,48
15,55050,1
192,55071,0,0,0,0,0,1,0,0
11,55071,0,49
11,55100,0,47
12,55101,3,18
192,55101,0,0,0,0,0,1,0,0
192,55131,0,0,0,0,0,1,0,0
11,55131,0,50
15,55150,1
192,55161,0,0,0,0,0,1,0,0
11,55161,0,48
12,55175,3,18
192,55191,0,0,0,0,0,1,0,0
11,55191,0,52
192,55221,0,0,0,0,0,1,0,0
11,55221,0,49
11,55250,0,47
12,55251,3,18
15,55251,1
192,55251,0,0,0,0,0,1,0,0
11,55280,0,49
192,55281,0,0,0,0,0,1,0,0
192,55311,0,0,0,0,0,1,0,0
11,55311,0,48
12,55325,3,17
11,55340,0,47
192,55341,0,0,0,0,0,1,0,0
15,55350,1
192,55371,0,0,0,0,0,1,0,0
11,55371,0,45
192,55401,0,0,0,0,0,1,0,0
11,55401,0,48
12,55401,3,18
192,55431,0,0,0,0,0,1,0,0
11,55431,0,48
15,55450,1
192,55461,0,0,0,0,0,1,0,0
11,55461,0,50
12,55475,3,18
11,55490,0,48
192,55491,0,0,0,0,0,1,0,0
192,55521,0,0,0,0,0,1,0,0
11,55521,0,50
192,55551,0,0,0,0,0,1,0,0
11,55551,0,49
12,55551,3,18
15,55551,1
192,55581,0,0,0,0,0,1,0,0
11,55581,0,46
192,55611,0,0,0,0,0,1,0,0
11,55611,0,51
12,55625,3,17
192,55641,0,0,0,0,0,1,0,0
11,55641,0,46
15,55650,1
192,55671,0,0,0,0,0,1,0,0
11,55671,0,47
11,55700,0,48
12,55701,3,18
192,55701,0,0,0,0,0,1,0,0
192,55731,0,0,0,0,0,1,0,0
11,55731,0,49
15,55750,1
192,55761,0,0,0,0,0,1,0,0
11,55761,0,47
12,55775,3,17
192,55791,0,0,0,0,0,1,0,0
11,55791,0,46
192,55821,0,0,0,0,0,1,0,0
11,55821,0,46
11,55850,0,47
12,55851,3,16
15,55851,1
192,55851,0,0,0,0,0,1,0,0
11,55880,0,46
192,55881,0,0,0,0,0,1,0,0
192,55911,0,0,0,0,0,1,0,0
11,55911,0,45
12,55925,3,17
11,55940,0,48
192,55941,0,0,0,0,0,1,0,0
15,55950,1
192,55971,0,0,0,0,0,1,0,0
11,55971,0,45
192,56001,0,0,0,0,0,1,0,0
11,56001,0,46
12,56001,3,18
192,56031,0,0,0,0,0,1,0,0
11,56031,0,45
15,56050,1
192,56061,0,0,0,0,0,1,0,0
11,56061,0,48
12,56075,3,18
11,56090,0,47
192,56091,132,0,0,0,0,1,0,0
192,56121,78,1,0,0,0,1,0,0
11,56121,0,46
192,56151,33,2,0,0,0,1,0,0
11,56151,0,48
12,56151,3,18
15,56151,1
11,56180,0,45
192,56181,227,2,0,0,0,1,0,0
192,56211,130,3,0,0,0,1,0,0
11,56211,0,47
12,56225,3,17
11,56240,0,47
192,56241,231,3,0,0,0,1,0,0
15,56250,1
192,56271,17,4,0,0,0,1,0,0
11,56271,0,49
192,56301,82,4,0,0,0,1,0,0
11,56301,0,46
12,56301,3,18
192,56331,169,4,0,0,0,1,0,0
11,56331,0,47
15,56350,1
192,56361,22,5,0,0,0,1,0,0
11,56361,0,45
12,56375,3,18
11,56390,0,46
192,56391,124,5,0,0,0,1,0,0
192,56421,243,5,0,0,0,1,0,0
11,56421,0,46
192,56451,132,6,0,0,0,1,0,0
11,56451,0,47
12,56451,3,18
15,56451,1
192,56481,36,7,0,0,0,1,0,0
11,56481,0,44
192,56511,200,7,0,0,0,1,0,0
11,56511,0,46
12,56525,3,18
192,56541,50,8,0,0,0,1,0,0
11,56541,0,48
15,56550,1
192,56571,56,8,0,0,0,1,0,0
11,56571,0,45
11,56600,0,45
12,56601,3,19
192,56601,53,8,0,0,0,1,0,0
192,56631,37,8,0,0,0,1,0,0
11,56631,0,45
15,56650,1
192,56661,135,7,0,0,0,1,0,0
11,56661,0,43
12,56675,3,18
192,56691,149,6,0,0,0,1,0,0
11,56691,0,47
192,56721,94,5,0,0,0,1,0,0
11,56721,0,46
11,56750,0,47
12,56751,3,17
15,56751,1
192,56751,13,4,0,0,0,1,0,0
11,56780,0,46
192,56781,188,2,0,0,0,1,0,0
192,56811,127,1,0,0,0,1,0,0
11,56811,0,46
12,56825,3,18
192,56841,142,0,0,0,0,1,0,0
11,56841,0,46
15,56850,1
11,56870,0,46
192,56871,0,0,0,0,0,1,0,0
192,56901,0,0,0,0,0,1,0,0
11,56901,0,46
12,56901,3,18
192,56931,0,0,0,0,0,1,0,0
11,56931,0,45
15,56950,1
192,56961,0,0,0,0,0,1,0,0
11,56961,0,44
12,56975,3,18
192,56991,21,1,0,0,0,1,0,0
11,56991,0,44
192,57021,43,2,0,0,0,1,0,0
11,57021,0,45
11,57050,0,48
12,57051,3,17
15,57051,1
192,57051,66,3,0,0,0,1,0,0
11,57080,0,46
192,57081,66,4,0,0,0,1,0,0
192,57111,51,5,0,0,0,1,0,0
11,57111,0,44
12,57125,3,18
11,57140,0,44
192,57141,46,6,0,0,0,1,0,0
15,57150,1
192,57171,18,7,0,0,0,1,0,0
11,57171,0,49
192,57201,195,7,0,0,0,1,0,0
11,57201,0,45
12,57201,3,18
192,57231,241,7,0,0,0,1,0,0
11,57231,0,47
15,57250,1
192,57261,223,7,0,0,0,1,0,0
11,57261,0,44
12,57275,3,18
11,57290,0,47
192,57291,140,7,0,0,0,1,0,0
192,57321,216,6,0,0,0,1,0,0
11,57321,0,48
192,57351,210,5,0,0,0,1,0,0
11,57351,0,46
12,57351,3,18
15,57351,1
192,57381,150,4,0,0,0,1,0,0
11,57381,0,45
192,57411,78,3,0,0,0,1,0,0
11,57411,0,43
12,57425,3,18
192,57441,21,2,0,0,0,1,0,0
11,57441,0,47
15,57450,1
192,57471,34,1,0,0,0,1,0,0
11,57471,0,46
192,57501,163,0,0,0,0,1,0,0
11,57501,0,46
12,57501,3,17
192,57531,148,0,0,0,0,1,0,0
11,57531,0,47
15,57550,1
11,57560,0,43
192,57561,209,0,0,0,0,1,0,0
12,57575,3,18
192,57591,169,1,0,0,0,1,0,0
11,57591,0,44
11,57620,0,45
192,57621,116,2,0,0,0,1,0,0
192,57651,238,2,0,0,0,1,0,0
11,57651,0,45
12,57651,3,17
15,57651,1
11,57680,0,45
192,57681,238,2,0,0,0,1,0,0
192,57711,225,2,0,0,0,1,0,0
11,57711,0,45
12,57725,3,17
192,57741,34,2,0,0,0,1,0,0
11,57741,0,46
15,57750,1
192,57771,132,1,0,0,0,1,0,0
11,57771,0,45
192,57801,85,1,0,0,0,1,0,0
11,57801,0,45
12,57801,3,18
192,57831,91,1,0,0,0,1,0,0
11,57831,0,44
15,57850,1
192,57861,255,1,0,0,0,1,0,0
11,57861,0,47
12,57875,3,17
192,57891,5,3,0,0,0,1,0,0
11,57891,0,44
192,57921,22,4,0,0,0,1,0,0
11,57921,0,43
11,57950,0,45
12,57951,3,18
15,57951,1
192,57951,244,4,0,0,0,1,0,0
11,57980,0,42
192,57981,82,5,0,0,0,1,0,0
192,58011,74,5,0,0,0,1,0,0
11,58011,0,48
12,58025,3,18
11,58040,0,47
192,58041,27,5,0,0,0,1,0,0
15,58050,1
192,58071,75,4,0,0,0,1,0,0
11,58071,0,47
192,58101,237,2,0,0,0,1,0,0
11,58101,0,43
12,58101,3,17
192,58131,163,1,0,0,0,1,0,0
11,58131,0,44
15,58150,1
192,58161,238,0,0,0,0,1,0,0
11,58161,0,46
12,58175,3,17
11,58190,0,46
192,58191,238,0,0,0,0,1,0,0
192,58221,31,1,0,0,0,1,0,0
11,58221,0,45
192,58251,43,2,0,0,0,1,0,0
11,58251,0,44
12,58251,3,17
15,58251,1
11,58280,0,46
192,58281,131,3,0,0,0,1,0,0
192,58311,192,4,0,0,0,1,0,0
11,58311,0,46
12,58325,3,17
11,58340,0,44
192,58341,129,5,0,0,0,1,0,0
15,58350,1
192,58371,204,5,0,0,0,1,0,0
11,58371,0,46
192,58401,196,5,0,0,0,1,0,0
11,58401,0,46
12,58401,3,18
192,58431,159,5,0,0,0,1,0,0
11,58431,0,45
15,58450,1
192,58461,202,4,0,0,0,1,0,0
11,58461,0,42
12,58475,3,17
11,58490,0,44
192,58491,141,3,0,0,0,1,0,0
192,58521,84,2,0,0,0,1,0,0
11,58521,0,41
192,58551,80,1,0,0,0,1,0,0
11,58551,0,44
12,58551,3,18
15,58551,1
11,58580,0,44
192,58581,202,0,0,0,0,1,0,0
192,58611,196,0,0,0,0,1,0,0
11,58611,0,46
12,58625,3,17
192,58641,241,0,0,0,0,1,0,0
11,58641,0,45
15,58650,1
192,58671,253,1,0,0,0,1,0,0
11,58671,0,43
192,58701,86,3,0,0,0,1,0,0
11,58701,0,43
12,58701,3,17
192,58731,128,4,0,0,0,1,0,0
11,58731,0,45
15,58750,1
11,58760,0,46
192,58761,74,5,0,0,0,1,0,0
12,58775,3,17
192,58791,206,5,0,0,0,1,0,0
11,58791,0,45
11,58820,0,47
192,58821,243,5,0,0,0,1,0,0
192,58851,214,5,0,0,0,1,0,0
11,58851,0,46
12,58851,3,17
15,58851,1
11,58880,0,47
192,58881,89,5,0,0,0,1,0,0
192,58911,59,4,0,0,0,1,0,0
11,58911,0,46
12,58925,3,18
192,58941,247,2,0,0,0,1,0,0
11,58941,0,49
15,58950,1
192,58971,255,1,0,0,0,1,0,0
11,58971,0,48
192,59001,142,1,0,0,0,1,0,0
11,59001,0,45
12,59001,3,18
192,59031,140,1,0,0,0,1,0,0
11,59031,0,44
15,59050,1
11,59060,0,44
192,59061,221,1,0,0,0,1,0,0
12,59075,3,18
192,59091,236,2,0,0,0,1,0,0
11,59091,0,47
11,59120,0,45
192,59121,11,4,0,0,0,1,0,0
192,59151,244,4,0,0,0,1,0,0
11,59151,0,44
12,59151,3,18
15,59151,1
11,59180,0,44
192,59181,136,5,0,0,0,1,0,0
192,59211,237,5,0,0,0,1,0,0
11,59211,0,42
12,59225,3,17
11,59240,0,46
192,59241,247,5,0,0,0,1,0,0
15,59250,1
192,59271,237,5,0,0,0,1,0,0
11,59271,0,45
192,59301,211,5,0,0,0,1,0,0
11,59301,0,44
12,59301,3,18
192,59331,34,5,0,0,0,1,0,0
11,59331,0,44
15,59350,1
192,59361,93,4,0,0,0,1,0,0
11,59361,0,47
12,59375,3,17
11,59390,0,44
192,59391,181,3,0,0,0,1,0,0
192,59421,80,3,0,0,0,1,0,0
11,59421,0,45
192,59451,65,3,0,0,0,1,0,0
11,59451,0,43
12,59451,3,17
15,59451,1
11,59480,0,43
192,59481,73,3,0,0,0,1,0,0
192,59511,3,4,0,0,0,1,0,0
11,59511,0,45
12,59525,3,18
192,59541,233,4,0,0,0,1,0,0
11,59541,0,42
15,59550,1
192,59571,157,5,0,0,0,1,0,0
11,59571,0,47
192,59601,51,6,0,0,0,1,0,0
11,59601,0,44
12,59601,3,18
192,59631,162,6,0,0,0,1,0,0
11,59631,0,44
15,59650,1
11,59660,0,45
192,59661,0,7,0,0,0,1,0,0
12,59675,3,17
192,59691,29,7,0,0,0,1,0,0
11,59691,0,45
11,59720,0,47
192,59721,32,7,0,0,0,1,0,0
192,59751,32,7,0,0,0,1,0,0
11,59751,0,48
12,59751,3,18
15,59751,1
11,59780,0,44
192,59781,21,7,0,0,0,1,0,0
192,59811,21,7,0,0,0,1,0,0
11,59811,0,45
12,59825,3,18
11,59840,0,47
192,59841,190,6,0,0,0,1,0,0
15,59850,1
192,59871,8,6,0,0,0,1,0,0
11,59871,0,44
192,59901,8,5,0,0,0,1,0,0
11,59901,0,47
12,59901,3,17
192,59931,181,3,0,0,0,1,0,0
11,59931,0,44
15,59950,1
192,59961,118,2,0,0,0,1,0,0
11,59961,0,44
12,59975,3,17
11,59990,0,43
192,59991,161,1,0,0,0,1,0,0
192,60021,62,1,0,0,0,1,0,0
11,60021,0,46
192,60051,34,1,0,0,0,1,0,0
11,60051,0,41
12,60051,3,17
15,60051,1
11,60080,0,41
192,60081,37,1,0,0,0,1,0,0
192,60111,205,1,0,0,0,1,0,0
11,60111,0,42
12,60125,3,18
192,60141,181,2,0,0,0,1,0,0
11,60141,0,44
15,60150,1
11,60170,0,44
192,60171,107,3,0,0,0,1,0,0
192,60201,155,3,0,0,0,1,0,0
11,60201,0,46
12,60201,3,18
192,60231,144,3,0,0,0,1,0,0
11,60231,0,45
15,60250,1
192,60261,35,3,0,0,0,1,0,0
11,60261,0,43
12,60275,3,18
192,60291,182,2,0,0,0,1,0,0
11,60291,0,46
192,60321,161,2,0,0,0,1,0,0
11,60321,0,43
192,60351,170,2,0,0,0,1,0,0
11,60351,0,45
12,60351,3,17
15,60351,1
192,60381,114,3,0,0,0,1,0,0
11,60381,0,44
192,60411,96,4,0,0,0,1,0,0
11,60411,0,42
12,60425,3,18
192,60441,38,5,0,0,0,1,0,0
11,60441,0,49
15,60450,1
11,60470,0,44
192,60471,155,5,0,0,0,1,0,0
192,60501,183,5,0,0,0,1,0,0
11,60501,0,42
12,60501,3,18
192,60531,162,5,0,0,0,1,0,0
11,60531,0,46
15,60550,1
192,60561,128,5,0,0,0,1,0,0
11,60561,0,44
12,60575,3,18
192,60591,192,4,0,0,0,1,0,0
11,60591,0,44
192,60621,209,3,0,0,0,1,0,0
11,60621,0,45
192,60651,235,2,0,0,0,1,0,0
11,60651,0,44
12,60651,3,17
15,60651,1
192,60681,84,2,0,0,0,1,0,0
11,60681,0,45
192,60711,9,2,0,0,0,1,0,0
11,60711,0,46
12,60725,3,18
192,60741,9,2,0,0,0,1,0,0
11,60741,0,42
15,60750,1
192,60771,14,2,0,0,0,1,0,0
11,60771,0,44
11,60800,0,44
12,60801,3,18
192,60801,201,2,0,0,0,1,0,0
192,60831,184,3,0,0,0,1,0,0
11,60831,0,43
15,60850,1
192,60861,142,4,0,0,0,1,0,0
11,60861,0,46
12,60875,3,18
192,60891,64,5,0,0,0,1,0,0
11,60891,0,45
192,60921,193,5,0,0,0,1,0,0
11,60921,0,47
11,60950,0,44
12,60951,3,17
15,60951,1
192,60951,36,6,0,0,0,1,0,0
11,60980,0,43
192,60981,124,6,0,0,0,1,0,0
192,61011,183,6,0,0,0,1,0,0
11,61011,0,45
12,61025,3,18
192,61041,214,6,0,0,0,1,0,0
11,61041,0,46
15,61050,1
192,61071,225,6,0,0,0,1,0,0
11,61071,0,45
192,61101,227,6,0,0,0,1,0,0
11,61101,0,42
12,61101,3,18
192,61131,233,6,0,0,0,1,0,0
11,61131,0,46
15,61150,1
11,61160,0,46
192,61161,230,6,0,0,0,1,0,0
12,61175,3,18
192,61191,222,6,0,0,0,1,0,0
11,61191,0,44
11,61220,0,44
192,61221,193,6,0,0,0,1,0,0
192,61251,19,6,0,0,0,1,0,0
11,61251,0,44
12,61251,3,17
15,61251,1
11,61280,0,44
192,61281,40,5,0,0,0,1,0,0
192,61311,52,4,0,0,0,1,0,0
11,61311,0,45
12,61325,3,18
192,61341,88,3,0,0,0,1,0,0
11,61341,0,42
15,61350,1
192,61371,151,2,0,0,0,1,0,0
11,61371,0,43
192,61401,253,1,0,0,0,1,0,0
11,61401,0,41
12,61401,3,17
192,61431,135,1,0,0,0,1,0,0
11,61431,0,43
15,61450,1
192,61461,49,1,0,0,0,1,0,0
11,61461,0,46
12,61475,3,18
192,61491,238,0,0,0,0,1,0,0
11,61491,0,46
192,61521,209,0,0,0,0,1,0,0
11,61521,0,46
192,61551,209,0,0,0,0,1,0,0
11,61551,0,45
12,61551,3,18
15,61551,1
192,61581,209,0,0,0,0,1,0,0
11,61581,0,45
192,61611,209,0,0,0,0,1,0,0
11,61611,0,45
12,61625,3,18
192,61641,212,0,0,0,0,1,0,0
11,61641,0,43
15,61650,1
192,61671,69,1,0,0,0,1,0,0
11,61671,0,46
11,61700,0,44
12,61701,3,19
192,61701,213,1,0,0,0,1,0,0
192,61731,99,2,0,0,0,1,0,0
11,61731,0,44
15,61750,1
192,61761,0,3,0,0,0,1,0,0
11,61761,0,46
12,61775,3,17
192,61791,119,3,0,0,0,1,0,0
11,61791,0,43
192,61821,226,3,0,0,0,1,0,0
11,61821,0,42
192,61851,84,4,0,0,0,1,0,0
11,61851,0,43
12,61851,3,18
15,61851,1
192,61881,195,4,0,0,0,1,0,0
11,61881,0,45
11,61910,0,45
192,61911,56,5,0,0,0,1,0,0
12,61925,3,18
192,61941,217,5,0,0,0,1,0,0
11,61941,0,45
15,61950,1
11,61970,0,48
192,61971,135,6,0,0,0,1,0,0
192,62001,18,7,0,0,0,1,0,0
11,62001,0,43
12,62001,3,17
192,62031,86,7,0,0,0,1,0,0
11,62031,0,45
15,62050,1
192,62061,83,7,0,0,0,1,0,0
11,62061,0,44
12,62075,3,17
192,62091,39,7,0,0,0,1,0,0
11,62091,0,43
192,62121,213,6,0,0,0,1,0,0
11,62121,0,44
192,62151,56,6,0,0,0,1,0,0
11,62151,0,43
12,62151,3,18
15,62151,1
192,62181,86,5,0,0,0,1,0,0
11,62181,0,42
192,62211,150,4,0,0,0,1,0,0
11,62211,0,43
12,62225,3,18
192,62241,101,4,0,0,0,1,0,0
11,62241,0,43
15,62250,1
11,62270,0,45
192,62271,103,4,0,0,0,1,0,0
192,62301,253,4,0,0,0,1,0,0
11,62301,0,42
12,62301,3,17
192,62331,168,5,0,0,0,1,0,0
11,62331,0,44
15,62350,1
192,62361,245,5,0,0,0,1,0,0
11,62361,0,42
12,62375,3,18
192,62391,2,6,0,0,0,1,0,0
11,62391,0,46
192,62421,252,5,0,0,0,1,0,0
11,62421,0,45
11,62450,0,45
12,62451,3,17
15,62451,1
192,62451,196,5,0,0,0,1,0,0
11,62480,0,44
192,62481,60,5,0,0,0,1,0,0
192,62511,145,4,0,0,0,1,0,0
11,62511,0,43
12,62525,3,18
192,62541,230,3,0,0,0,1,0,0
11,62541,0,46
15,62550,1
192,62571,119,3,0,0,0,1,0,0
11,62571,0,45
192,62601,62,3,0,0,0,1,0,0
11,62601,0,47
12,62601,3,17
192,62631,28,3,0,0,0,1,0,0
11,62631,0,44
15,62650,1
11,62660,0,44
192,62661,253,2,0,0,0,1,0,0
12,62675,3,18
192,62691,195,2,0,0,0,1,0,0
11,62691,0,46
11,62720,0,46
192,62721,116,2,0,0,0,1,0,0
192,62751,40,2,0,0,0,1,0,0
11,62751,0,45
12,62751,3,18
15,62751,1
11,62780,0,41
192,62781,234,1,0,0,0,1,0,0
192,62811,216,1,0,0,0,1,0,0
11,62811,0,46
12,62825,3,18
192,62841,221,1,0,0,0,1,0,0
11,62841,0,46
15,62850,1
192,62871,221,1,0,0,0,1,0,0
11,62871,0,41
192,62901,234,1,0,0,0,1,0,0
11,62901,0,45
12,62901,3,17
192,62931,50,2,0,0,0,1,0,0
11,62931,0,45
15,62950,1
192,62961,116,2,0,0,0,1,0,0
11,62961,0,45
12,62975,3,18
192,62991,195,2,0,0,0,1,0,0
11,62991,0,45
192,63021,41,3,0,0,0,1,0,0
11,63021,0,43
11,63050,0,44
12,63051,3,18
15,63051,1
192,63051,93,3,0,0,0,1,0,0
11,63080,0,46
192,63081,104,3,0,0,0,1,0,0
192,63111,104,3,0,0,0,1,0,0
11,63111,0,46
12,63125,3,18
11,63140,0,45
192,63141,104,3,0,0,0,1,0,0
15,63150,1
192,63171,104,3,0,0,0,1,0,0
11,63171,0,47
192,63201,104,3,0,0,0,1,0,0
11,63201,0,43
12,63201,3,17
192,63231,104,3,0,0,0,1,0,0
11,63231,0,42
15,63250,1
192,63261,104,3,0,0,0,1,0,0
11,63261,0,44
12,63275,3,17
11,63290,0,43
192,63291,104,3,0,0,0,1,0,0
192,63321,104,3,0,0,0,1,0,0
11,63321,0,41
192,63351,104,3,0,0,0,1,0,0
11,63351,0,44
12,63351,3,17
15,63351,1
192,63381,104,3,0,0,0,1,0,0
11,63381,0,43
192,63411,104,3,0,0,0,1,0,0
11,63411,0,45
12,63425,3,18
192,63441,104,3,0,0,0,1,0,0
11,63441,0,44
15,63450,1
192,63471,104,3,0,0,0,1,0,0
11,63471,0,42
11,63500,0,44
12,63501,3,18
192,63501,104,3,0,0,0,1,0,0
192,63531,104,3,0,0,0,1,0,0
11,63531,0,43
15,63550,1
192,63561,101,3,0,0,0,1,0,0
11,63561,0,44
12,63575,3,17
192,63591,104,3,0,0,0,1,0,0
11,63591,0,43
192,63621,109,3,0,0,0,1,0,0
11,63621,0,46
11,63650,0,46
12,63651,3,17
15,63651,1
192,63651,192,3,0,0,0,1,0,0
11,63680,0,43
192,63681,117,4,0,0,0,1,0,0
192,63711,32,5,0,0,0,1,0,0
11,63711,0,42
12,63725,3,17
192,63741,118,5,0,0,0,1,0,0
11,63741,0,42
15,63750,1
192,63771,124,5,0,0,0,1,0,0
11,63771,0,45
192,63801,107,5,0,0,0,1,0,0
11,63801,0,43
12,63801,3,17
192,63831,105,5,0,0,0,1,0,0
11,63831,0,44
15,63850,1
11,63860,0,43
192,63861,105,5,0,0,0,1,0,0
12,63875,3,18
192,63891,105,5,0,0,0,1,0,0
11,63891,0,47
11,63920,0,46
192,63921,105,5,0,0,0,1,0,0
192,63951,204,5,0,0,0,1,0,0
11,63951,0,46
12,63951,3,17
15,63951,1
11,63980,0,43
192,63981,139,6,0,0,0,1,0,0
192,64011,18,7,0,0,0,1,0,0
11,64011,0,46
12,64025,3,18
11,64040,0,40
192,64041,55,7,0,0,0,1,0,0
15,64050,1
192,64071,39,7,0,0,0,1,0,0
11,64071,0,45
192,64101,39,7,0,0,0,1,0,0
11,64101,0,45
12,64101,3,19
192,64131,39,7,0,0,0,1,0,0
11,64131,0,43
15,64150,1
192,64161,5,7,0,0,0,1,0,0
11,64161,0,44
12,64175,3,17
11,64190,0,44
192,64191,185,6,0,0,0,1,0,0
192,64221,47,6,0,0,0,1,0,0
11,64221,0,42
192,64251,57,5,0,0,0,1,0,0
11,64251,0,42
12,64251,3,18
15,64251,1
192,64281,26,4,0,0,0,1,0,0
11,64281,0,45
192,64311,98,3,0,0,0,1,0,0
11,64311,0,44
12,64325,3,17
192,64341,55,3,0,0,0,1,0,0
11,64341,0,43
15,64350,1
192,64371,59,3,0,0,0,1,0,0
11,64371,0,44
11,64400,0,42
12,64401,3,18
192,64401,62,3,0,0,0,1,0,0
192,64431,65,3,0,0,0,1,0,0
11,64431,0,47
15,64450,1
192,64461,86,3,0,0,0,1,0,0
11,64461,0,43
12,64475,3,17
192,64491,83,3,0,0,0,1,0,0
11,64491,0,43
192,64521,83,3,0,0,0,1,0,0
11,64521,0,47
11,64550,0,48
12,64551,3,18
15,64551,1
192,64551,44,3,0,0,0,1,0,0
11,64580,0,47
192,64581,167,2,0,0,0,1,0,0
192,64611,213,1,0,0,0,1,0,0
11,64611,0,46
12,64625,3,18
192,64641,235,0,0,0,0,1,0,0
11,64641,0,43
15,64650,1
192,64671,0,0,0,0,0,1,0,0
11,64671,0,45
192,64701,0,0,0,0,0,1,0,0
11,64701,0,43
12,64701,3,18
192,64731,0,0,0,0,0,1,0,0
11,64731,0,45
15,64750,1
11,64760,0,45
192,64761,0,0,0,0,0,1,0,0
12,64775,3,17
192,64791,0,0,0,0,0,1,0,0
11,64791,0,44
11,64820,0,44
192,64821,0,0,0,0,0,1,0,0
192,64851,0,0,0,0,0,1,0,0
11,64851,0,46
12,64851,3,18
15,64851,1
11,64880,0,43
192,64881,0,0,0,0,0,1,0,0
192,64911,0,0,0,0,0,1,0,0
11,64911,0,43
12,64925,3,17
11,64940,0,45
192,64941,0,0,0,0,0,1,0,0
15,64950,1
192,64971,0,0,0,0,0,1,0,0
11,64971,0,45
192,65001,0,0,0,0,0,1,0,0
11,65001,0,45
12,65001,3,18
192,65031,0,0,0,0,0,1,0,0
11,65031,0,44
15,65050,1
192,65061,0,0,0,0,0,1,0,0
11,65061,0,43
12,65075,3,19
11,65090,0,46
192,65091,0,0,0,0,0,1,0,0
192,65121,0,0,0,0,0,1,0,0
11,65121,0,44
192,65151,0,0,0,0,0,1,0,0
11,65151,0,46
12,65151,3,18
15,65151,1
192,65181,0,0,0,0,0,1,0,0
11,65181,0,43
192,65211,0,0,0,0,0,1,0,0
11,65211,0,46
12,65225,3,17
192,65241,0,0,0,0,0,1,0,0
11,65241,0,45
15,65250,1
192,65271,0,0,0,0,0,1,0,0
11,65271,0,48
192,65301,0,0,0,0,0,1,0,0
11,65301,0,43
12,65301,3,18
192,65331,0,0,0,0,0,1,0,0
11,65331,0,44
15,65350,1
192,65361,0,0,0,0,0,1,0,0
11,65361,0,45
12,65375,3,17
11,65390,0,44
192,65391,0,0,0,0,0,1,0,0
192,65421,0,0,0,0,0,1,0,0
11,65421,0,44
192,65451,0,0,0,0,0,1,0,0
11,65451,0,45
12,65451,3,17
15,65451,1
192,65481,0,0,0,0,0,1,0,0
11,65481,0,43
192,65511,0,0,0,0,0,1,0,0
11,65511,0,45
12,65525,3,17
192,65541,0,0,0,0,0,1,0,0
11,65541,0,44
15,65550,1
192,65571,161,0,0,0,0,1,0,0
11,65571,0,43
11,65600,0,44
12,65601,3,18
192,65601,19,1,0,0,0,1,0,0
192,65631,135,1,0,0,0,1,0,0
11,65631,0,44
15,65650,1
192,65661,229,1,0,0,0,1,0,0
11,65661,0,43
12,65675,3,17
192,65691,33,2,0,0,0,1,0,0
11,65691,0,42
192,65721,72,2,0,0,0,1,0,0
11,65721,0,46
192,65751,95,2,0,0,0,1,0,0
11,65751,0,44
12,65751,3,18
15,65751,1
11,65780,0,42
192,65781,95,2,0,0,0,1,0,0
192,65811,107,2,0,0,0,1,0,0
11,65811,0,42
12,65825,3,17
192,65841,118,2,0,0,0,1,0,0
11,65841,0,45
15,65850,1
192,65871,120,2,0,0,0,1,0,0
11,65871,0,49
192,65901,123,2,0,0,0,1,0,0
11,65901,0,44
12,65901,3,18
192,65931,123,2,0,0,0,1,0,0
11,65931,0,43
15,65950,1
192,65961,123,2,0,0,0,1,0,0
11,65961,0,57
12,65975,3,18
192,65991,123,2,0,0,0,1,0,0
11,65991,1,87
192,65991,0,0,0,0,1,0,0,0
192,66021,123,2,0,0,0,1,0,0
11,66021,2,86
11,66050,5,86
12,66051,3,18
15,66051,1
192,66051,120,2,0,0,0,1,0,0
11,66080,8,35
192,66081,120,2,0,0,0,1,0,0
192,66111,123,2,0,0,0,1,0,0
11,66111,10,16
12,66125,3,17
11,66140,10,13
192,66141,120,2,0,0,0,1,0,0
15,66150,1
192,66171,123,2,0,0,0,1,0,0
11,66171,10,14
11,66200,10,14
12,66201,3,18
192,66201,118,2,0,0,0,1,0,0
192,66231,118,2,0,0,0,1,0,0
11,66231,10,14
15,66250,1
192,66261,118,2,0,0,0,1,0,0
11,66261,10,14
12,66275,3,17
192,66291,118,2,0,0,0,1,0,0
11,66291,10,14
192,66321,118,2,0,0,0,1,0,0
11,66321,10,14
11,66350,10,13
12,66351,3,18
15,66351,1
192,66351,118,2,0,0,0,1,0,0
11,66380,10,13
192,66381,118,2,0,0,0,1,0,0
192,66411,118,2,0,0,0,1,0,0
11,66411,10,13
12,66425,3,17
192,66441,118,2,0,0,0,1,0,0
11,66441,10,13
15,66450,1
192,66471,118,2,0,0,0,1,0,0
11,66471,10,15
11,66500,10,13
12,66501,3,18
192,66501,118,2,0,0,0,1,0,0
192,66531,118,2,0,0,0,1,0,0
11,66531,10,13
15,66550,1
192,66561,118,2,0,0,0,1,0,0
11,66561,10,14
12,66575,3,18
192,66591,118,2,0,0,0,1,0,0
11,66591,10,14
192,66621,118,2,0,0,0,1,0,0
11,66621,10,14
11,66650,10,13
12,66651,3,18
15,66651,1
192,66651,118,2,0,0,0,1,0,0
11,66680,10,13
192,66681,118,2,0,0,0,1,0,0
192,66711,118,2,0,0,0,1,0,0
11,66711,10,11
12,66725,3,18
192,66741,118,2,0,0,0,1,0,0
11,66741,10,15
15,66750,1
192,66771,118,2,0,0,0,1,0,0
11,66771,10,14
11,66800,10,13
12,66801,3,18
192,66801,116,2,0,0,0,1,0,0
192,66831,118,2,0,0,0,1,0,0
11,66831,10,14
15,66850,1
192,66861,118,2,0,0,0,1,0,0
11,66861,10,14
12,66875,3,18
192,66891,118,2,0,0,0,1,0,0
11,66891,10,14
192,66921,118,2,0,0,0,1,0,0
11,66921,10,14
11,66950,10,13
12,66951,3,18
15,66951,1
192,66951,118,2,0,0,0,1,0,0
11,66980,10,13
192,66981,118,2,0,0,0,1,0,0
192,67011,118,2,0,0,0,1,0,0
11,67011,10,13
12,67025,3,18
192,67041,118,2,0,0,0,1,0,0
11,67041,10,13
15,67050,1
192,67071,118,2,0,0,0,1,0,0
11,67071,10,13
11,67100,10,14
12,67101,3,18
192,67101,118,2,0,0,0,1,0,0
192,67131,118,2,0,0,0,1,0,0
11,67131,10,13
15,67150,1
192,67161,120,2,0,0,0,1,0,0
11,67161,10,14
12,67175,3,18
192,67191,118,2,0,0,0,1,0,0
11,67191,10,13
192,67221,116,2,0,0,0,1,0,0
11,67221,6,81
11,67250,2,39
12,67251,3,17
15,67251,1
192,67251,118,2,0,0,0,1,0,0
192,67281,0,0,0,0,0,0,0,0
11,67281,0,0
192,67281,118,2,0,0,0,1,0,0
192,67311,82,2,0,0,0,1,0,0
11,67311,0,0
12,67325,3,17
192,67341,32,2,0,0,0,1,0,0
11,67341,2,9
192,67341,0,0,0,0,1,0,0,0
15,67350,1
192,67371,221,1,0,0,0,1,0,0
11,67371,0,15
192,67371,0,0,0,0,0,0,0,0
192,67401,122,1,0,0,0,1,0,0
11,67401,0,68
12,67401,3,18
192,67402,0,0,0,0,1,0,0,0
192,67431,243,0,0,0,0,1,0,0
11,67431,0,56
192,67431,0,0,0,0,0,0,0,0
15,67450,1
192,67461,0,0,0,0,0,1,0,0
11,67461,0,55
12,67475,3,17
192,67491,0,0,0,0,0,1,0,0
11,67491,0,56
192,67521,0,0,0,0,0,1,0,0
11,67521,0,51
192,67551,0,0,0,0,0,1,0,0
11,67551,0,56
12,67551,3,17
15,67551,1
192,67581,0,0,0,0,0,1,0,0
11,67581,0,55
192,67611,0,0,0,0,0,1,0,0
11,67611,0,57
12,67625,3,17
192,67641,0,0,0,0,0,1,0,0
11,67641,0,55
15,67650,1
11,67670,0,55
192,67671,0,0,0,0,0,1,0,0
192,67701,0,0,0,0,0,1,0,0
11,67701,0,56
12,67701,3,17
192,67731,0,0,0,0,0,1,0,0
11,67731,0,56
15,67750,1
192,67761,0,0,0,0,0,1,0,0
11,67761,0,55
12,67775,3,18
192,67791,0,0,0,0,0,1,0,0
11,67791,0,55
192,67821,0,0,0,0,0,1,0,0
11,67821,0,54
11,67850,0,55
12,67851,3,18
15,67851,1
192,67851,0,0,0,0,0,1,0,0
11,67880,0,53
192,67881,0,0,0,0,0,1,0,0
192,67911,0,0,0,0,0,1,0,0
11,67911,0,53
12,67925,3,17
11,67940,0,53
192,67941,0,0,0,0,0,1,0,0
15,67950,1
192,67971,0,0,0,0,0,1,0,0
11,67971,0,55
192,68001,0,0,0,0,0,1,0,0
11,68001,0,97
12,68001,3,18
192,68002,0,0,0,0,1,0,0,0
192,68031,0,0,0,0,0,1,0,0
11,68031,1,60
15,68050,1
192,68061,0,0,0,0,0,1,0,0
11,68061,3,18
12,68075,3,17
192,68091,0,0,0,0,0,1,0,0
11,68091,5,41
192,68121,0,0,0,0,0,1,0,0
11,68121,8,69
11,68150,10,13
12,68151,3,17
15,68151,1
192,68151,0,0,0,0,0,1,0,0
11,68180,10,13
192,68181,0,0,0,0,0,1,0,0
192,68211,0,0,0,0,0,1,0,0
11,68211,10,14
12,68225,3,18
192,68241,0,0,0,0,0,1,0,0
11,68241,10,14
15,68250,1
192,68271,0,0,0,0,0,1,0,0
11,68271,10,14
192,68301,0,0,0,0,0,1,0,0
11,68301,10,14
12,68301,3,18
192,68331,0,0,0,0,0,1,0,0
11,68331,10,14
15,68350,1
11,68360,10,13
192,68361,0,0,0,0,0,1,0,0
12,68375,3,18
11,68390,10,13
192,68391,0,0,0,0,0,1,0,0
192,68421,0,0,0,0,0,1,0,0
11,68421,10,12
192,68451,0,0,0,0,0,1,0,0
11,68451,10,14
12,68451,3,19
15,68451,1
192,68481,0,0,0,0,0,1,0,0
11,68481,10,13
192,68511,0,0,0,0,0,1,0,0
11,68511,10,14
12,68525,3,18
11,68540,10,13
192,68541,0,0,0,0,0,1,0,0
15,68550,1
192,68571,0,0,0,0,0,1,0,0
11,68571,10,14
11,68600,10,13
12,68601,3,18
192,68601,0,0,0,0,0,1,0,0
192,68631,0,0,0,0,0,1,0,0
11,68631,10,14
15,68650,1
192,68661,0,0,0,0,0,1,0,0
11,68661,10,14
12,68675,3,18
192,68691,0,0,0,0,0,1,0,0
11,68691,10,14
192,68721,0,0,0,0,0,1,0,0
11,68721,10,15
11,68750,10,14
12,68751,3,17
15,68751,1
192,68751,0,0,0,0,0,1,0,0
11,68780,10,14
192,68781,0,0,0,0,0,1,0,0
192,68811,0,0,0,0,0,1,0,0
11,68811,10,15
12,68825,3,17
192,68841,0,0,0,0,0,1,0,0
11,68841,10,14
15,68850,1
192,68871,0,0,0,0,0,1,0,0
11,68871,6,89
11,68900,3,39
12,68901,3,17
192,68901,0,0,0,0,0,1,0,0
192,68931,0,0,0,0,0,1,0,0
11,68931,0,95
15,68950,1
192,68961,0,0,0,0,0,1,0,0
11,68961,0,0
192,68961,0,0,0,0,0,0,0,0
12,68975,3,17
192,68991,0,0,0,0,0,1,0,0
11,68991,0,0
192,69021,0,0,0,0,0,1,0,0
11,69021,0,65
192,69051,0,0,0,0,0,1,0,0
11,69051,0,31
12,69051,3,18
15,69051,1
192,69081,0,0,0,0,0,1,0,0
11,69081,0,45
11,69110,0,49
192,69111,0,0,0,0,0,1,0,0
12,69125,3,18
192,69141,0,0,0,0,0,1,0,0
11,69141,0,45
15,69150,1
192,69171,0,0,0,0,0,1,0,0
11,69171,0,47
192,69201,0,0,0,0,0,1,0,0
11,69201,0,46
12,69201,3,17
192,69231,0,0,0,0,0,1,0,0
11,69231,0,48
15,69250,1
11,69260,0,49
192,69261,0,0,0,0,0,1,0,0
12,69275,3,17
192,69291,0,0,0,0,0,1,0,0
11,69291,0,48
11,69320,0,44
192,69321,0,0,0,0,0,1,0,0
192,69351,0,0,0,0,0,1,0,0
11,69351,0,48
12,69351,3,17
15,69351,1
192,69381,0,0,0,0,0,1,0,0
11,69381,0,48
192,69411,0,0,0,0,0,1,0,0
11,69411,0,44
12,69425,3,18
11,69440,0,49
192,69441,0,0,0,0,0,1,0,0
15,69450,1
192,69471,0,0,0,0,0,1,0,0
11,69471,0,47
192,69501,0,0,0,0,0,1,0,0
11,69501,0,45
12,69501,3,18
192,69531,0,0,0,0,0,1,0,0
11,69531,0,46
15,69550,1
192,69561,0,0,0,0,0,1,0,0
11,69561,0,48
12,69575,3,18
11,69590,0,48
192,69591,0,0,0,0,0,1,0,0
192,69621,0,0,0,0,0,1,0,0
11,69621,0,48
192,69651,0,0,0,0,0,1,0,0
11,69651,0,49
12,69651,3,17
15,69651,1
192,69681,0,0,0,0,0,1,0,0
11,69681,0,49
192,69711,0,0,0,0,0,1,0,0
11,69711,0,44
12,69725,3,18
192,69741,0,0,0,0,0,1,0,0
11,69741,0,46
15,69750,1
192,69771,0,0,0,0,0,1,0,0
11,69771,0,48
11,69800,0,46
12,69801,3,18
192,69801,0,0,0,0,0,1,0,0
192,69831,0,0,0,0,0,1,0,0
11,69831,0,49
15,69850,1
192,69861,0,0,0,0,0,1,0,0
11,69861,0,46
12,69875,3,17
192,69891,0,0,0,0,0,1,0,0
11,69891,0,48
192,69921,0,0,0,0,0,1,0,0
11,69921,0,50
11,69950,0,47
12,69951,3,18
15,69951,1
192,69951,0,0,0,0,0,1,0,0
11,69980,0,46
192,69981,0,0,0,0,0,1,0,0
192,70011,0,0,0,0,0,1,0,0
11,70011,0,46
12,70025,3,18
192,70041,0,0,0,0,1,0,0,0
11,70041,0,66
192,70041,0,0,0,0,0,1,0,0
15,70050,1
192,70071,0,0,0,0,0,1,0,0
11,70071,1,66
11,70100,2,25
12,70101,3,18
192,70101,0,0,0,0,0,1,0,0
192,70131,0,0,0,0,0,1,0,0
11,70131,3,4
15,70150,1
192,70161,0,0,0,0,0,1,0,0
11,70161,5,1
12,70175,3,18
192,70191,0,0,0,0,0,1,0,0
11,70202,7,1
192,70221,0,0,0,0,0,1,0,0
11,70221,7,83
11,70250,8,53
12,70251,3,16
15,70251,1
192,70251,0,0,0,0,0,1,0,0
11,70280,8,63
192,70281,0,0,0,0,0,1,0,0
192,70311,0,0,0,0,0,1,0,0
11,70311,9,36
12,70325,3,17
192,70341,0,0,0,0,0,1,0,0
11,70341,10,13
15,70350,1
192,70371,0,0,0,0,0,1,0,0
11,70371,10,14
11,70400,10,13
12,70401,3,18
192,70401,0,0,0,0,0,1,0,0
192,70431,0,0,0,0,0,1,0,0
11,70431,10,14
15,70450,1
11,70460,10,13
192,70461,0,0,0,0,0,1,0,0
12,70475,3,18
11,70490,10,14
192,70491,0,0,0,0,0,1,0,0
192,70521,0,0,0,0,0,1,0,0
11,70521,10,13
192,70551,0,0,0,0,0,1,0,0
11,70551,10,14
12,70551,3,19
15,70551,1
192,70581,0,0,0,0,0,1,0,0
11,70581,10,14
11,70610,10,13
192,70611,0,0,0,0,0,1,0,0
12,70625,3,18
11,70640,10,13
192,70641,0,0,0,0,0,1,0,0
15,70650,1
192,70671,0,0,0,0,0,1,0,0
11,70671,10,13
192,70701,0,0,0,0,0,1,0,0
11,70701,10,13
12,70701,3,18
192,70731,0,0,0,0,0,1,0,0
11,70731,10,13
15,70750,1
11,70760,10,13
192,70761,0,0,0,0,0,1,0,0
12,70775,3,17
11,70790,10,13
192,70791,0,0,0,0,0,1,0,0
192,70821,0,0,0,0,0,1,0,0
11,70821,10,13
192,70851,0,0,0,0,0,1,0,0
11,70851,7,88
12,70851,3,17
15,70851,1
192,70881,0,0,0,0,0,1,0,0
11,70881,5,9
11,70910,2,24
192,70911,0,0,0,0,0,1,0,0
12,70925,3,18
192,70941,0,0,0,0,0,0,0,0
11,70941,0,41
192,70941,0,0,0,0,0,1,0,0
15,70950,1
192,70971,0,0,0,0,0,1,0,0
11,70971,0,0
192,71001,0,0,0,0,0,1,0,0
11,71001,0,0
12,71001,3,18
192,71031,0,0,0,0,0,1,0,0
11,71031,1,77
192,71031,0,0,0,0,1,0,0,0
15,71050,1
192,71061,0,0,0,0,0,1,0,0
11,71061,0,12
192,71061,0,0,0,0,0,0,0,0
12,71075,3,18
192,71091,0,0,0,0,0,1,0,0
11,71091,0,48
192,71121,0,0,0,0,0,1,0,0
11,71121,0,41
11,71150,0,43
12,71151,3,18
15,71151,1
192,71151,0,0,0,0,0,1,0,0
11,71180,0,43
192,71181,0,0,0,0,0,1,0,0
192,71211,0,0,0,0,0,1,0,0
11,71211,0,48
12,71225,3,18
192,71241,0,0,0,0,1,0,0,0
11,71241,0,99
192,71241,0,0,0,0,0,1,0,0
15,71250,1
192,71271,0,0,0,0,0,1,0,0
11,71271,1,92
11,71300,2,97
12,71301,3,18
192,71301,0,0,0,0,0,1,0,0
192,71331,0,0,0,0,0,1,0,0
11,71331,4,28
15,71350,1
192,71361,0,0,0,0,0,1,0,0
11,71361,6,37
12,71375,3,17
192,71391,0,0,0,0,0,1,0,0
11,71391,9,9
192,71421,0,0,0,0,0,1,0,0
11,71421,10,15
11,71450,10,14
12,71451,3,18
15,71451,1
192,71451,0,0,0,0,0,1,0,0
192,71481,0,0,0,0,0,1,0,0
11,71481,10,14
192,71511,0,0,0,0,0,1,0,0
11,71511,10,14
12,71525,3,18
192,71541,0,0,0,0,0,1,0,0
11,71541,10,14
15,71550,1
192,71571,0,0,0,0,0,1,0,0
11,71571,10,14
11,71600,10,13
12,71601,3,18
192,71601,0,0,0,0,0,1,0,0
192,71631,0,0,0,0,0,1,0,0
11,71631,10,14
15,71650,1
11,71660,10,14
192,71661,0,0,0,0,0,1,0,0
12,71675,3,17
11,71690,10,14
192,71691,0,0,0,0,0,1,0,0
192,71721,0,0,0,0,0,1,0,0
11,71721,10,14
192,71751,0,0,0,0,0,1,0,0
11,71751,10,13
12,71751,3,17
15,71751,1
192,71781,0,0,0,0,0,1,0,0
11,71781,10,14
192,71811,0,0,0,0,0,1,0,0
11,71811,10,14
12,71825,3,17
11,71840,10,13
192,71841,0,0,0,0,0,1,0,0
15,71850,1
192,71871,0,0,0,0,0,1,0,0
11,71871,10,14
192,71901,0,0,0,0,0,1,0,0
11,71901,10,13
12,71901,3,17
192,71931,0,0,0,0,0,1,0,0
11,71931,10,14
15,71950,1
11,71960,10,13
192,71961,0,0,0,0,0,1,0,0
12,71975,3,17
11,71990,10,14
192,71991,0,0,0,0,0,1,0,0
192,72021,0,0,0,0,0,1,0,0
11,72021,10,13
192,72051,0,0,0,0,0,1,0,0
11,72051,10,14
12,72051,3,20
15,72051,1
192,72081,0,0,0,0,0,1,0,0
11,72081,10,13
192,72111,0,0,0,0,0,1,0,0
11,72111,10,14
12,72125,3,18
11,72140,10,14
192,72141,0,0,0,0,0,1,0,0
15,72150,1
192,72171,0,0,0,0,0,1,0,0
11,72171,10,14
192,72201,0,0,0,0,0,1,0,0
11,72201,10,15
12,72201,3,17
192,72231,0,0,0,0,0,1,0,0
11,72231,10,14
15,72250,1
11,72260,10,14
192,72261,0,0,0,0,0,1,0,0
12,72275,3,18
11,72290,10,14
192,72291,0,0,0,0,0,1,0,0
192,72321,0,0,0,0,0,1,0,0
11,72321,10,14
192,72351,0,0,0,0,0,1,0,0
11,72351,10,11
12,72351,3,17
15,72351,1
192,72381,0,0,0,0,0,1,0,0
11,72381,10,14
192,72411,0,0,0,0,0,1,0,0
11,72411,10,14
12,72425,3,17
11,72440,10,13
192,72441,0,0,0,0,0,1,0,0
15,72450,1
192,72471,0,0,0,0,0,1,0,0
11,72471,10,14
192,72501,0,0,0,0,0,1,0,0
11,72501,10,13
12,72501,3,18
192,72531,0,0,0,0,0,1,0,0
11,72531,10,14
15,72550,1
11,72560,10,13
192,72561,0,0,0,0,0,1,0,0
12,72575,3,17
11,72590,10,13
192,72591,0,0,0,0,0,1,0,0
192,72621,0,0,0,0,0,1,0,0
11,72621,10,14
192,72651,0,0,0,0,0,1,0,0
11,72651,10,14
12,72651,3,18
15,72651,1
192,72681,0,0,0,0,0,1,0,0
11,72681,10,15
192,72711,0,0,0,0,0,1,0,0
11,72711,10,14
12,72725,3,18
11,72740,10,14
192,72741,0,0,0,0,0,1,0,0
15,72750,1
192,72771,0,0,0,0,0,1,0,0
11,72771,10,14
11,72800,10,13
12,72801,3,18
192,72801,0,0,0,0,0,1,0,0
192,72831,0,0,0,0,0,1,0,0
11,72831,10,14
15,72850,1
11,72860,10,13
192,72861,0,0,0,0,0,1,0,0
12,72875,3,18
11,72890,10,13
192,72891,0,0,0,0,0,1,0,0
192,72921,0,0,0,0,0,1,0,0
11,72921,10,14
192,72951,0,0,0,0,0,1,0,0
11,72951,10,14
12,72951,3,18
15,72951,1
192,72981,0,0,0,0,0,1,0,0
11,72981,10,14
192,73011,0,0,0,0,0,1,0,0
11,73011,10,13
12,73025,3,18
11,73040,10,13
192,73041,0,0,0,0,0,1,0,0
15,73050,1
192,73071,0,0,0,0,0,1,0,0
11,73071,10,13
11,73100,10,13
12,73101,3,18
192,73101,0,0,0,0,0,1,0,0
192,73131,0,0,0,0,0,1,0,0
11,73131,10,14
15,73150,1
192,73161,0,0,0,0,0,1,0,0
11,73161,10,12
12,73175,3,17
192,73191,0,0,0,0,0,1,0,0
11,73191,10,15
11,73220,10,14
192,73221,0,0,0,0,0,1,0,0
192,73251,0,0,0,0,0,1,0,0
11,73251,10,13
12,73251,3,18
15,73251,1
192,73281,0,0,0,0,0,1,0,0
11,73281,10,14
192,73311,0,0,0,0,0,1,0,0
11,73311,10,13
12,73325,3,18
192,73341,0,0,0,0,0,1,0,0
11,73341,10,13
15,73350,1
11,73370,9,35
192,73371,0,0,0,0,0,1,0,0
192,73401,0,0,0,0,0,1,0,0
11,73401,7,45
12,73401,3,17
192,73431,0,0,0,0,0,1,0,0
11,73431,5,57
15,73450,1
11,73460,4,27
192,73461,0,0,0,0,0,1,0,0
12,73475,3,18
11,73490,3,98
192,73491,0,0,0,0,0,1,0,0
192,73521,0,0,0,0,0,1,0,0
11,73521,4,6
192,73551,0,0,0,0,0,1,0,0
11,73551,3,90
12,73551,3,17
15,73551,1
192,73581,0,0,0,0,0,1,0,0
11,73581,3,98
192,73611,0,0,0,0,0,1,0,0
11,73611,3,98
12,73625,3,17
192,73641,0,0,0,0,0,1,0,0
11,73641,3,98
15,73650,1
192,73671,0,0,0,0,0,1,0,0
11,73671,4,0
11,73700,4,0
12,73701,3,17
192,73701,0,0,0,0,0,1,0,0
192,73731,0,0,0,0,0,1,0,0
11,73731,4,2
15,73750,1
192,73761,0,0,0,0,0,1,0,0
11,73761,4,2
12,73775,3,18
192,73791,0,0,0,0,0,1,0,0
11,73791,4,4
192,73821,0,0,0,0,0,1,0,0
11,73821,4,5
11,73850,4,2
12,73851,3,18
15,73851,1
192,73851,0,0,0,0,0,1,0,0
11,73880,4,2
192,73881,0,0,0,0,0,1,0,0
192,73911,0,0,0,0,0,1,0,0
11,73911,4,3
12,73925,3,17
192,73941,0,0,0,0,0,1,0,0
11,73941,4,3
15,73950,1
192,73971,0,0,0,0,0,1,0,0
11,73971,3,98
11,74000,4,2
12,74001,3,18
192,74001,0,0,0,0,0,1,0,0
192,74031,0,0,0,0,0,1,0,0
11,74031,3,99
15,74050,1
192,74061,0,0,0,0,0,1,0,0
11,74061,3,92
12,74075,3,18
192,74091,0,0,0,0,0,1,0,0
11,74091,3,86
192,74121,0,0,0,0,0,1,0,0
11,74121,3,75
11,74150,3,45
12,74151,3,18
15,74151,1
192,74151,0,0,0,0,0,1,0,0
11,74180,3,41
192,74181,0,0,0,0,0,1,0,0
192,74211,0,0,0,0,0,1,0,0
11,74211,3,8
12,74225,3,17
11,74240,2,38
192,74241,0,0,0,0,0,1,0,0
15,74250,1
192,74271,0,0,0,0,0,1,0,0
11,74271,1,74
192,74301,0,0,0,0,0,1,0,0
11,74301,1,26
12,74301,3,18
192,74331,0,0,0,0,0,1,0,0
11,74331,1,1
15,74350,1
192,74361,0,0,0,0,0,1,0,0
11,74361,0,92
12,74375,3,17
11,74390,0,76
192,74391,0,0,0,0,0,1,0,0
192,74421,0,0,0,0,0,1,0,0
11,74421,0,80
192,74451,0,0,0,0,0,1,0,0
11,74451,0,71
12,74451,3,17
15,74451,1
11,74480,0,75
192,74481,0,0,0,0,0,1,0,0
192,74511,0,0,0,0,0,1,0,0
11,74511,0,82
12,74525,3,18
11,74540,0,71
192,74541,0,0,0,0,0,1,0,0
15,74550,1
192,74571,0,0,0,0,0,1,0,0
11,74571,0,73
192,74601,0,0,0,0,0,1,0,0
11,74601,0,74
12,74601,3,18
192,74631,0,0,0,0,0,1,0,0
11,74631,0,74
15,74650,1
192,74661,0,0,0,0,0,1,0,0
11,74661,0,78
12,74675,3,18
11,74690,0,76
192,74691,0,0,0,0,0,1,0,0
192,74721,0,0,0,0,0,1,0,0
11,74721,0,75
192,74751,0,0,0,0,0,1,0,0
11,74751,0,76
12,74751,3,18
15,74751,1
192,74781,0,0,0,0,0,1,0,0
11,74781,0,73
192,74811,0,0,0,0,0,1,0,0
11,74811,0,98
12,74825,3,17
192,74841,0,0,0,0,0,1,0,0
11,74841,0,87
15,74850,1
192,74871,0,0,0,0,0,1,0,0
11,74871,1,12
11,74900,2,48
12,74901,3,18
192,74901,0,0,0,0,0,1,0,0
192,74931,0,0,0,0,0,1,0,0
11,74931,2,1
15,74950,1
192,74961,0,0,0,0,0,1,0,0
11,74961,2,1
12,74975,3,18
192,74991,0,0,0,0,0,1,0,0
11,74991,1,90
192,75021,0,0,0,0,0,1,0,0
11,75021,2,9
11,75050,1,92
12,75051,3,18
15,75051,1
192,75051,0,0,0,0,0,1,0,0
11,75080,1,98
192,75081,0,0,0,0,0,1,0,0
192,75111,0,0,0,0,0,1,0,0
11,75111,1,98
12,75125,3,17
11,75140,1,92
192,75141,0,0,0,0,0,1,0,0
15,75150,1
192,75171,0,0,0,0,0,1,0,0
11,75171,1,65
11,75200,1,18
12,75201,3,18
192,75201,0,0,0,0,0,1,0,0
192,75231,0,0,0,0,0,1,0,0
11,75231,0,14
192,75231,0,0,0,0,0,0,0,0
15,75250,1
11,75260,0,0
192,75261,0,0,0,0,0,1,0,0
12,75275,3,18
192,75291,0,0,0,0,0,1,0,0
11,75291,2,34
192,75291,0,0,0,0,1,0,0,0
192,75321,0,0,0,0,0,1,0,0
11,75321,0,0
192,75321,0,0,0,0,0,0,0,0
192,75351,0,0,0,0,0,1,0,0
11,75351,0,44
12,75351,3,17
15,75351,1
192,75381,0,0,0,0,0,1,0,0
11,75381,0,35
192,75411,0,0,0,0,0,1,0,0
11,75411,0,35
12,75425,3,17
192,75441,0,0,0,0,0,1,0,0
11,75441,0,39
15,75450,1
192,75471,0,0,0,0,0,1,0,0
11,75471,0,35
11,75500,0,39
12,75501,3,18
192,75501,0,0,0,0,0,1,0,0
192,75531,0,0,0,0,0,1,0,0
11,75531,0,36
15,75550,1
192,75561,0,0,0,0,0,1,0,0
11,75561,0,39
12,75575,3,18
192,75591,0,0,0,0,0,1,0,0
11,75591,0,39
192,75621,0,0,0,0,0,1,0,0
11,75621,0,39
11,75650,0,36
12,75651,3,17
15,75651,1
192,75651,0,0,0,0,0,1,0,0
11,75680,0,40
192,75681,0,0,0,0,0,1,0,0
192,75711,0,0,0,0,0,1,0,0
11,75711,0,36
12,75725,3,18
11,75740,0,37
192,75741,0,0,0,0,0,1,0,0
15,75750,1
192,75771,0,0,0,0,0,1,0,0
11,75771,0,36
192,75801,0,0,0,0,0,1,0,0
11,75801,0,37
12,75801,3,18
192,75831,0,0,0,0,0,1,0,0
11,75831,0,39
15,75850,1
192,75861,0,0,0,0,0,1,0,0
11,75861,0,36
12,75875,3,17
11,75890,0,42
192,75891,0,0,0,0,0,1,0,0
192,75921,0,0,0,0,0,1,0,0
11,75921,0,40
192,75951,0,0,0,0,0,1,0,0
11,75951,0,43
12,75951,3,17
15,75951,1
192,75981,0,0,0,0,0,1,0,0
11,75981,0,38
192,76011,0,0,0,0,0,1,0,0
11,76011,0,42
12,76025,3,17
192,76041,0,0,0,0,0,1,0,0
11,76041,0,41
15,76050,1
192,76071,0,0,0,0,0,1,0,0
11,76071,0,42
11,76100,0,42
12,76101,3,18
192,76101,0,0,0,0,0,1,0,0
192,76131,0,0,0,0,0,1,0,0
11,76131,0,43
15,76150,1
192,76161,0,0,0,0,0,1,0,0
11,76161,0,39
12,76175,3,17
192,76191,0,0,0,0,0,1,0,0
11,76191,0,40
192,76221,0,0,0,0,0,1,0,0
11,76221,0,40
11,76250,0,41
12,76251,3,18
15,76251,1
192,76251,0,0,0,0,0,1,0,0
11,76280,0,40
192,76281,0,0,0,0,0,1,0,0
192,76311,113,0,0,0,0,1,0,0
11,76311,0,46
12,76325,3,18
192,76341,223,0,0,0,0,1,0,0
11,76341,0,41
15,76350,1
11,76370,0,44
192,76371,130,1,0,0,0,1,0,0
192,76401,41,2,0,0,0,1,0,0
11,76401,0,43
12,76401,3,17
192,76431,176,2,0,0,0,1,0,0
11,76431,0,39
15,76450,1
192,76461,61,3,0,0,0,1,0,0
11,76461,0,41
12,76475,3,17
192,76491,179,3,0,0,0,1,0,0
11,76491,0,43
192,76521,14,4,0,0,0,1,0,0
11,76521,0,41
192,76551,76,4,0,0,0,1,0,0
11,76551,0,42
12,76551,3,17
15,76551,1
192,76581,130,4,0,0,0,1,0,0
11,76581,0,43
192,76611,205,4,0,0,0,1,0,0
11,76611,0,41
12,76625,3,18
192,76641,33,5,0,0,0,1,0,0
11,76641,0,42
15,76650,1
11,76670,0,42
192,76671,129,5,0,0,0,1,0,0
192,76701,209,5,0,0,0,1,0,0
11,76701,0,42
12,76701,3,18
192,76731,25,6,0,0,0,1,0,0
11,76731,0,43
15,76750,1
192,76761,88,6,0,0,0,1,0,0
11,76761,0,46
12,76775,3,18
192,76791,153,6,0,0,0,1,0,0
11,76791,0,45
192,76821,233,6,0,0,0,1,0,0
11,76821,0,40
11,76850,0,47
12,76851,3,17
15,76851,1
192,76851,60,7,0,0,0,1,0,0
11,76880,0,46
192,76881,138,7,0,0,0,1,0,0
192,76911,231,7,0,0,0,1,0,0
11,76911,0,43
12,76925,3,18
11,76940,0,40
192,76941,56,8,0,0,0,1,0,0
15,76950,1
192,76971,87,8,0,0,0,1,0,0
11,76971,0,44
192,77001,95,8,0,0,0,1,0,0
11,77001,0,42
12,77001,3,18
192,77031,100,8,0,0,0,1,0,0
11,77031,0,44
15,77050,1
192,77061,100,8,0,0,0,1,0,0
11,77061,0,44
12,77075,3,18
11,77090,0,44
192,77091,97,8,0,0,0,1,0,0
192,77121,97,8,0,0,0,1,0,0
11,77121,0,41
192,77151,97,8,0,0,0,1,0,0
11,77151,0,43
12,77151,3,18
15,77151,1
192,77181,97,8,0,0,0,1,0,0
11,77181,0,47
192,77211,210,7,0,0,0,1,0,0
11,77211,0,43
12,77225,3,17
192,77241,255,6,0,0,0,1,0,0
11,77241,0,45
15,77250,1
192,77271,34,6,0,0,0,1,0,0
11,77271,0,40
11,77300,0,46
12,77301,3,18
192,77301,91,5,0,0,0,1,0,0
192,77331,165,4,0,0,0,1,0,0
11,77331,0,42
15,77350,1
192,77361,248,3,0,0,0,1,0,0
11,77361,0,43
12,77375,3,18
192,77391,80,3,0,0,0,1,0,0
11,77391,0,43
192,77421,157,2,0,0,0,1,0,0
11,77421,0,41
192,77451,221,1,0,0,0,1,0,0
11,77451,0,45
12,77451,3,18
15,77451,1
192,77481,238,0,0,0,0,1,0,0
11,77481,0,45
192,77511,0,0,0,0,0,1,0,0
11,77511,0,43
12,77525,3,17
192,77541,0,0,0,0,0,1,0,0
11,77541,0,44
15,77550,1
11,77570,0,46
192,77571,0,0,0,0,0,1,0,0
192,77601,0,0,0,0,0,1,0,0
11,77601,0,41
12,77601,3,17
192,77631,0,0,0,0,0,1,0,0
11,77631,0,44
15,77650,1
192,77661,0,0,0,0,0,1,0,0
11,77661,0,45
12,77675,3,18
192,77691,0,0,0,0,0,1,0,0
11,77691,0,45
192,77721,0,0,0,0,0,1,0,0
11,77721,0,43
11,77750,0,41
12,77751,3,18
15,77751,1
192,77751,112,0,0,0,0,1,0,0
11,77780,0,44
192,77781,154,1,0,0,0,1,0,0
192,77811,176,2,0,0,0,1,0,0
11,77811,0,43
12,77825,3,17
192,77841,171,3,0,0,0,1,0,0
11,77841,0,46
15,77850,1
192,77871,120,4,0,0,0,1,0,0
11,77871,0,45
192,77901,30,5,0,0,0,1,0,0
11,77901,0,44
12,77901,3,19
192,77931,189,5,0,0,0,1,0,0
11,77931,0,42
15,77950,1
11,77960,0,43
192,77961,106,6,0,0,0,1,0,0
12,77975,3,17
192,77991,26,7,0,0,0,1,0,0
11,77991,0,42
11,78020,0,43
192,78021,146,7,0,0,0,1,0,0
192,78051,200,7,0,0,0,1,0,0
11,78051,0,42
12,78051,3,18
15,78051,1
11,78080,0,46
192,78081,213,7,0,0,0,1,0,0
192,78111,213,7,0,0,0,1,0,0
11,78111,0,45
12,78125,3,17
192,78141,208,7,0,0,0,1,0,0
11,78141,0,44
15,78150,1
192,78171,43,7,0,0,0,1,0,0
11,78171,0,46
192,78201,32,6,0,0,0,1,0,0
11,78201,0,44
12,78201,3,18
192,78231,13,5,0,0,0,1,0,0
11,78231,0,45
15,78250,1
11,78260,0,46
192,78261,250,3,0,0,0,1,0,0
12,78275,3,18
192,78291,18,3,0,0,0,1,0,0
11,78291,0,43
11,78320,0,44
192,78321,63,2,0,0,0,1,0,0
192,78351,114,1,0,0,0,1,0,0
11,78351,0,47
12,78351,3,18
15,78351,1
11,78380,0,42
192,78381,121,0,0,0,0,1,0,0
192,78411,0,0,0,0,0,1,0,0
11,78411,0,45
12,78425,3,18
11,78440,0,45
192,78441,0,0,0,0,0,1,0,0
15,78450,1
192,78471,0,0,0,0,0,1,0,0
11,78471,0,42
192,78501,0,0,0,0,0,1,0,0
11,78501,0,45
12,78501,3,17
192,78531,0,0,0,0,0,1,0,0
11,78531,0,44
15,78550,1
192,78561,0,0,0,0,0,1,0,0
11,78561,0,45
12,78575,3,18
11,78590,0,45
192,78591,0,0,0,0,0,1,0,0
192,78621,0,0,0,0,0,1,0,0
11,78621,0,44
192,78651,0,0,0,0,0,1,0,0
11,78651,0,46
12,78651,3,17
15,78651,1
192,78681,0,0,0,0,0,1,0,0
11,78681,0,43
192,78711,0,0,0,0,0,1,0,0
11,78711,0,44
12,78725,3,17
192,78741,0,0,0,0,0,1,0,0
11,78741,0,47
15,78750,1
192,78771,0,0,0,0,0,1,0,0
11,78771,0,41
11,78800,0,42
12,78801,3,18
192,78801,0,0,0,0,0,1,0,0
192,78831,0,0,0,0,0,1,0,0
11,78831,0,44
15,78850,1
192,78861,0,0,0,0,0,1,0,0
11,78861,0,44
12,78875,3,18
192,78891,0,0,0,0,0,1,0,0
11,78891,0,42
192,78921,0,0,0,0,0,1,0,0
11,78921,0,46
11,78950,0,48
12,78951,3,18
15,78951,1
192,78951,0,0,0,0,0,1,0,0
11,78980,0,45
192,78981,0,0,0,0,0,1,0,0
192,79011,0,0,0,0,0,1,0,0
11,79011,0,45
12,79025,3,18
11,79040,0,45
192,79041,0,0,0,0,0,1,0,0
15,79050,1
192,79071,0,0,0,0,0,1,0,0
11,79071,0,45
192,79101,0,0,0,0,0,1,0,0
11,79101,0,45
12,79101,3,17
192,79131,0,0,0,0,0,1,0,0
11,79131,0,42
15,79150,1
192,79161,0,0,0,0,0,1,0,0
11,79161,0,45
12,79175,3,18
11,79190,0,45
192,79191,0,0,0,0,0,1,0,0
192,79221,0,0,0,0,0,1,0,0
11,79221,0,45
192,79251,0,0,0,0,0,1,0,0
11,79251,0,44
12,79251,3,18
15,79251,1
192,79281,0,0,0,0,0,1,0,0
11,79281,0,87
192,79281,0,0,0,0,1,0,0,0
192,79311,0,0,0,0,0,1,0,0
11,79311,0,98
12,79325,3,18
192,79341,0,0,0,0,0,1,0,0
11,79341,10,13
15,79350,1
11,79370,5,10
192,79371,0,0,0,0,0,1,0,0
192,79401,0,0,0,0,0,1,0,0
11,79401,6,80
12,79401,3,17
192,79431,0,0,0,0,0,1,0,0
11,79431,6,27
15,79450,1
192,79461,0,0,0,0,0,1,0,0
11,79461,6,20
12,79475,3,18
11,79490,6,12
192,79491,0,0,0,0,0,1,0,0
192,79521,0,0,0,0,0,1,0,0
11,79521,6,8
192,79551,0,0,0,0,0,1,0,0
11,79551,6,7
12,79551,3,19
15,79551,1
192,79581,0,0,0,0,0,1,0,0
11,79581,6,7
11,79610,6,11
192,79611,0,0,0,0,0,1,0,0
12,79625,3,17
11,79640,6,6
192,79641,0,0,0,0,0,1,0,0
15,79650,1
192,79671,0,0,0,0,0,1,0,0
11,79671,4,38
11,79700,1,15
12,79701,3,17
192,79701,0,0,0,0,0,1,0,0
192,79731,0,0,0,0,0,1,0,0
11,79731,0,0
192,79731,0,0,0,0,0,0,0,0
15,79750,1
192,79761,0,0,0,0,0,1,0,0
11,79761,0,0
12,79775,3,17
192,79791,0,0,0,0,0,1,0,0
11,79791,2,33
192,79791,0,0,0,0,1,0,0,0
192,79821,0,0,0,0,0,1,0,0
11,79821,0,14
192,79821,0,0,0,0,0,0,0,0
192,79851,0,0,0,0,0,1,0,0
11,79851,0,61
12,79851,3,18
15,79851,1
192,79881,0,0,0,0,0,1,0,0
11,79881,0,49
192,79911,0,0,0,0,0,1,0,0
11,79911,0,51
12,79925,3,17
192,79941,0,0,0,0,0,1,0,0
11,79941,0,52
15,79950,1
192,79971,0,0,0,0,0,1,0,0
11,79971,0,49
11,80000,0,52
12,80001,3,18
192,80001,0,0,0,0,0,1,0,0
192,80031,0,0,0,0,0,1,0,0
11,80031,0,52
15,80050,1
192,80061,0,0,0,0,0,1,0,0
11,80061,0,52
12,80075,3,17
192,80091,0,0,0,0,0,1,0,0
11,80091,0,51
192,80121,0,0,0,0,0,1,0,0
11,80121,0,49
11,80150,0,53
12,80151,3,17
15,80151,1
192,80151,0,0,0,0,0,1,0,0
11,80180,0,51
192,80181,0,0,0,0,0,1,0,0
192,80211,0,0,0,0,0,1,0,0
11,80211,0,48
12,80225,3,18
11,80240,0,50
192,80241,0,0,0,0,0,1,0,0
15,80250,1
192,80271,0,0,0,0,0,1,0,0
11,80271,0,50
192,80301,0,0,0,0,0,1,0,0
11,80301,0,49
12,80301,3,18
192,80331,0,0,0,0,0,1,0,0
11,80331,0,49
15,80350,1
192,80361,0,0,0,0,0,1,0,0
11,80361,0,48
12,80375,3,18
11,80390,0,49
192,80391,0,0,0,0,0,1,0,0
192,80421,0,0,0,0,0,1,0,0
11,80421,0,46
192,80451,0,0,0,0,0,1,0,0
11,80451,0,47
12,80451,3,17
15,80451,1
192,80481,0,0,0,0,0,1,0,0
11,80481,0,51
192,80511,0,0,0,0,0,1,0,0
11,80511,0,48
12,80525,3,18
192,80541,0,0,0,0,0,1,0,0
11,80541,0,49
15,80550,1
192,80571,0,0,0,0,0,1,0,0
11,80571,0,48
11,80600,0,49
12,80601,3,18
192,80601,0,0,0,0,0,1,0,0
192,80631,0,0,0,0,0,1,0,0
11,80631,0,46
15,80650,1
192,80661,0,0,0,0,0,1,0,0
11,80661,0,51
12,80675,3,17
192,80691,0,0,0,0,0,1,0,0
11,80691,0,46
192,80721,0,0,0,0,0,1,0,0
11,80721,0,48
11,80750,0,45
12,80751,3,18
15,80751,1
192,80751,0,0,0,0,0,1,0,0
11,80780,0,50
192,80781,0,0,0,0,0,1,0,0
192,80811,0,0,0,0,0,1,0,0
11,80811,0,46
12,80825,3,17
11,80840,0,50
192,80841,0,0,0,0,0,1,0,0
15,80850,1
192,80871,0,0,0,0,0,1,0,0
11,80871,0,46
192,80901,0,0,0,0,0,1,0,0
11,80901,0,50
12,80901,3,18
192,80931,0,0,0,0,0,1,0,0
11,80931,0,43
15,80950,1
192,80961,0,0,0,0,0,1,0,0
11,80961,0,45
12,80975,3,17
11,80990,0,47
192,80991,0,0,0,0,0,1,0,0
192,81021,0,0,0,0,0,1,0,0
11,81021,0,49
192,81051,0,0,0,0,0,1,0,0
11,81051,0,44
12,81051,3,17
15,81051,1
192,81081,181,0,0,0,0,1,0,0
11,81081,0,47
192,81111,83,1,0,0,0,1,0,0
11,81111,0,45
12,81125,3,17
11,81140,0,45
192,81141,64,2,0,0,0,1,0,0
15,81150,1
192,81171,16,3,0,0,0,1,0,0
11,81171,0,46
192,81201,184,3,0,0,0,1,0,0
11,81201,0,46
12,81201,3,17
192,81231,92,4,0,0,0,1,0,0
11,81231,0,45
15,81250,1
192,81261,250,4,0,0,0,1,0,0
11,81261,0,45
12,81275,3,17
11,81290,0,43
192,81291,134,5,0,0,0,1,0,0
192,81321,191,5,0,0,0,1,0,0
11,81321,0,43
192,81351,194,5,0,0,0,1,0,0
11,81351,0,44
12,81351,3,18
15,81351,1
192,81381,194,5,0,0,0,1,0,0
11,81381,0,44
192,81411,185,5,0,0,0,1,0,0
11,81411,0,45
12,81425,3,18
192,81441,102,5,0,0,0,1,0,0
11,81441,0,46
15,81450,1
192,81471,161,4,0,0,0,1,0,0
11,81471,0,46
11,81500,0,44
12,81501,3,18
192,81501,160,3,0,0,0,1,0,0
192,81531,123,2,0,0,0,1,0,0
11,81531,0,44
15,81550,1
192,81561,69,1,0,0,0,1,0,0
11,81561,0,41
12,81575,3,18
192,81591,0,0,0,0,0,1,0,0
11,81591,0,45
192,81621,0,0,0,0,0,1,0,0
11,81621,0,44
192,81651,0,0,0,0,0,1,0,0
11,81651,0,40
12,81651,3,18
15,81651,1
192,81681,0,0,0,0,0,1,0,0
11,81681,0,45
192,81711,0,0,0,0,0,1,0,0
11,81711,0,45
12,81725,3,17
192,81741,0,0,0,0,0,1,0,0
11,81741,0,44
15,81750,1
11,81770,0,46
192,81771,0,0,0,0,0,1,0,0
192,81801,0,0,0,0,0,1,0,0
11,81801,0,43
12,81801,3,18
192,81831,0,0,0,0,0,1,0,0
11,81831,0,44
15,81850,1
192,81861,220,0,0,0,0,1,0,0
11,81861,0,44
12,81875,3,17
192,81891,240,1,0,0,0,1,0,0
11,81891,0,43
192,81921,233,2,0,0,0,1,0,0
11,81921,0,44
11,81950,0,42
12,81951,3,17
15,81951,1
192,81951,216,3,0,0,0,1,0,0
11,81980,0,43
192,81981,178,4,0,0,0,1,0,0
192,82011,93,5,0,0,0,1,0,0
11,82011,0,44
12,82025,3,18
192,82041,189,5,0,0,0,1,0,0
11,82041,0,41
15,82050,1
192,82071,196,5,0,0,0,1,0,0
11,82071,0,44
192,82101,199,5,0,0,0,1,0,0
11,82101,0,45
12,82101,3,17
192,82131,188,5,0,0,0,1,0,0
11,82131,0,42
15,82150,1
11,82160,0,42
192,82161,97,5,0,0,0,1,0,0
12,82175,3,17
192,82191,142,4,0,0,0,1,0,0
11,82191,0,44
11,82220,0,44
192,82221,157,3,0,0,0,1,0,0
192,82251,183,2,0,0,0,1,0,0
11,82251,0,44
12,82251,3,18
15,82251,1
11,82280,0,42
192,82281,199,1,0,0,0,1,0,0
192,82311,0,1,0,0,0,1,0,0
11,82311,0,42
12,82325,3,18
192,82341,100,0,0,0,0,1,0,0
11,82341,0,44
15,82350,1
11,82370,0,43
192,82371,0,0,0,0,0,1,0,0
192,82401,0,0,0,0,0,1,0,0
11,82401,0,43
12,82401,3,17
192,82431,0,0,0,0,0,1,0,0
11,82431,0,43
15,82450,1
192,82461,0,0,0,0,0,1,0,0
11,82461,0,42
12,82475,3,17
192,82491,0,0,0,0,0,1,0,0
11,82491,0,43
192,82521,0,0,0,0,0,1,0,0
11,82521,0,41
11,82550,0,43
12,82551,3,17
15,82551,1
192,82551,132,0,0,0,0,1,0,0
11,82580,0,41
192,82581,124,1,0,0,0,1,0,0
192,82611,113,2,0,0,0,1,0,0
11,82611,0,45
12,82625,3,18
192,82641,102,3,0,0,0,1,0,0
11,82641,0,44
15,82650,1
192,82671,69,4,0,0,0,1,0,0
11,82671,0,43
192,82701,213,4,0,0,0,1,0,0
11,82701,0,40
12,82701,3,18
192,82731,250,4,0,0,0,1,0,0
11,82731,0,43
15,82750,1
11,82760,0,45
192,82761,247,4,0,0,0,1,0,0
12,82775,3,17
192,82791,236,4,0,0,0,1,0,0
11,82791,0,43
11,82820,0,44
192,82821,73,4,0,0,0,1,0,0
192,82851,90,3,0,0,0,1,0,0
11,82851,0,45
12,82851,3,17
15,82851,1
11,82880,0,45
192,82881,76,2,0,0,0,1,0,0
192,82911,72,1,0,0,0,1,0,0
11,82911,0,42
12,82925,3,17
192,82941,0,0,0,0,0,1,0,0
11,82941,0,42
15,82950,1
192,82971,0,0,0,0,0,1,0,0
11,82971,0,45
192,83001,0,0,0,0,0,1,0,0
11,83001,0,42
12,83001,3,18
192,83031,0,0,0,0,0,1,0,0
11,83031,0,43
15,83050,1
11,83060,0,45
192,83061,0,0,0,0,0,1,0,0
12,83075,3,18
192,83091,0,0,0,0,0,1,0,0
11,83091,0,42
11,83120,0,42
192,83121,0,0,0,0,0,1,0,0
192,83151,0,0,0,0,0,1,0,0
11,83151,0,44
12,83151,3,18
15,83151,1
192,83181,0,0,0,0,0,1,0,0
11,83181,0,42
192,83211,0,0,0,0,0,1,0,0
11,83211,0,42
12,83225,3,18
192,83241,0,0,0,0,0,1,0,0
11,83241,0,41
15,83250,1
192,83271,0,0,0,0,0,1,0,0
11,83271,0,45
11,83300,0,42
12,83301,3,18
192,83301,0,0,0,0,0,1,0,0
192,83331,0,0,0,0,0,1,0,0
11,83331,1,51
192,83331,0,0,0,0,1,0,0,0
15,83350,1
11,83360,2,80
192,83361,0,0,0,0,0,1,0,0
12,83375,3,18
11,83390,5,25
192,83391,0,0,0,0,0,1,0,0
192,83421,0,0,0,0,0,1,0,0
11,83421,5,94
192,83451,0,0,0,0,0,1,0,0
11,83451,8,4
12,83451,3,18
15,83451,1
192,83481,0,0,0,0,0,1,0,0
11,83481,10,13
192,83511,0,0,0,0,0,1,0,0
11,83511,10,3
12,83525,3,18
11,83540,10,13
192,83541,0,0,0,0,0,1,0,0
15,83550,1
192,83571,0,0,0,0,0,1,0,0
11,83571,10,12
11,83600,10,13
12,83601,3,17
192,83601,0,0,0,0,0,1,0,0
192,83631,0,0,0,0,0,1,0,0
11,83631,10,12
15,83650,1
11,83660,10,13
192,83661,0,0,0,0,0,1,0,0
12,83675,3,18
11,83690,10,13
192,83691,0,0,0,0,0,1,0,0
192,83721,0,0,0,0,0,1,0,0
11,83721,10,13
192,83751,0,0,0,0,0,1,0,0
11,83751,10,13
12,83751,3,17
15,83751,1
192,83781,0,0,0,0,0,1,0,0
11,83781,10,13
192,83811,0,0,0,0,0,1,0,0
11,83811,10,13
12,83825,3,18
11,83840,10,13
192,83841,0,0,0,0,0,1,0,0
15,83850,1
192,83871,0,0,0,0,0,1,0,0
11,83871,10,13
192,83901,0,0,0,0,0,1,0,0
11,83901,10,13
12,83901,3,17
192,83931,0,0,0,0,0,1,0,0
11,83931,10,13
15,83950,1
11,83960,8,91
192,83961,0,0,0,0,0,1,0,0
12,83975,3,18
11,83990,5,83
192,83991,0,0,0,0,0,1,0,0
192,84021,0,0,0,0,0,1,0,0
11,84021,1,31
192,84051,0,0,0,0,0,1,0,0
11,84051,0,0
12,84051,3,18
15,84051,1
192,84052,0,0,0,0,0,0,0,0
192,84081,0,0,0,0,0,1,0,0
11,84081,0,0
192,84111,0,0,0,0,0,1,0,0
11,84111,1,48
192,84111,0,0,0,0,1,0,0,0
12,84125,3,18
192,84141,0,0,0,0,0,1,0,0
11,84141,0,45
192,84141,0,0,0,0,0,0,0,0
15,84150,1
192,84171,0,0,0,0,1,0,0,0
11,84171,0,70
192,84171,0,0,0,0,0,1,0,0
192,84201,0,0,0,0,0,1,0,0
11,84201,0,65
12,84201,3,18
192,84202,0,0,0,0,0,0,0,0
192,84231,0,0,0,0,0,1,0,0
11,84231,0,64
15,84250,1
192,84261,0,0,0,0,0,1,0,0
11,84261,0,64
12,84275,3,18
192,84291,0,0,0,0,0,1,0,0
11,84291,0,64
192,84321,0,0,0,0,0,1,0,0
11,84321,0,62
11,84350,0,60
12,84351,3,18
15,84351,1
192,84351,0,0,0,0,0,1,0,0
11,84380,0,61
192,84381,0,0,0,0,0,1,0,0
192,84411,0,0,0,0,0,1,0,0
11,84411,0,61
12,84425,3,17
11,84440,0,63
192,84441,0,0,0,0,0,1,0,0
15,84450,1
192,84471,0,0,0,0,0,1,0,0
11,84471,0,61
192,84501,0,0,0,0,0,1,0,0
11,84501,0,62
12,84501,3,18
192,84531,0,0,0,0,0,1,0,0
11,84531,0,60
15,84550,1
192,84561,0,0,0,0,0,1,0,0
11,84561,0,59
12,84575,3,17
11,84590,0,58
192,84591,0,0,0,0,0,1,0,0
192,84621,11,1,0,0,0,1,0,0
11,84621,0,58
192,84651,69,2,0,0,0,1,0,0
11,84651,0,58
12,84651,3,17
15,84651,1
11,84680,0,59
192,84681,93,3,0,0,0,1,0,0
192,84711,92,4,0,0,0,1,0,0
11,84711,0,56
12,84725,3,17
11,84740,0,58
192,84741,18,5,0,0,0,1,0,0
15,84750,1
192,84771,121,5,0,0,0,1,0,0
11,84771,0,55
192,84801,152,5,0,0,0,1,0,0
11,84801,0,57
12,84801,3,17
192,84831,154,5,0,0,0,1,0,0
11,84831,0,54
15,84850,1
192,84861,154,5,0,0,0,1,0,0
11,84861,0,54
12,84875,3,18
11,84890,0,53
192,84891,144,5,0,0,0,1,0,0
192,84921,59,5,0,0,0,1,0,0
11,84921,0,54
192,84951,120,4,0,0,0,1,0,0
11,84951,0,54
12,84951,3,18
15,84951,1
11,84980,0,53
192,84981,103,3,0,0,0,1,0,0
192,85011,107,2,0,0,0,1,0,0
11,85011,0,52
12,85025,3,17
192,85041,195,1,0,0,0,1,0,0
11,85041,0,53
15,85050,1
11,85070,0,54
192,85071,150,1,0,0,0,1,0,0
192,85101,153,1,0,0,0,1,0,0
11,85101,0,52
12,85101,3,18
192,85131,210,1,0,0,0,1,0,0
11,85131,0,53
15,85150,1
192,85161,141,2,0,0,0,1,0,0
11,85161,0,51
12,85175,3,17
192,85191,124,3,0,0,0,1,0,0
11,85191,0,52
192,85221,140,4,0,0,0,1,0,0
11,85221,0,51
192,85251,138,5,0,0,0,1,0,0
11,85251,0,50
12,85251,3,17
15,85251,1
192,85281,124,6,0,0,0,1,0,0
11,85281,0,53
192,85311,42,7,0,0,0,1,0,0
11,85311,0,49
12,85325,3,18
192,85341,109,7,0,0,0,1,0,0
11,85341,0,49
15,85350,1
192,85371,104,7,0,0,0,1,0,0
11,85371,0,50
11,85400,0,50
12,85401,3,16
192,85401,88,7,0,0,0,1,0,0
192,85431,206,6,0,0,0,1,0,0
11,85431,0,50
15,85450,1
192,85461,246,5,0,0,0,1,0,0
11,85461,0,50
12,85475,3,17
192,85491,216,4,0,0,0,1,0,0
11,85491,0,48
192,85521,170,3,0,0,0,1,0,0
11,85521,0,53
11,85550,0,50
12,85551,3,17
15,85551,1
192,85551,141,2,0,0,0,1,0,0
11,85580,0,48
192,85581,130,1,0,0,0,1,0,0
192,85611,123,0,0,0,0,1,0,0
11,85611,0,47
12,85625,3,17
192,85641,0,0,0,0,0,1,0,0
11,85641,0,47
15,85650,1
192,85671,0,0,0,0,0,1,0,0
11,85671,0,49
192,85701,0,0,0,0,0,1,0,0
11,85701,0,45
12,85701,3,18
192,85731,0,0,0,0,0,1,0,0
11,85731,0,51
15,85750,1
11,85760,0,50
192,85761,0,0,0,0,0,1,0,0
12,85775,3,17
192,85791,0,0,0,0,0,1,0,0
11,85791,0,48
11,85820,0,48
192,85821,24,1,0,0,0,1,0,0
192,85851,29,2,0,0,0,1,0,0
11,85851,0,47
12,85851,3,17
15,85851,1
11,85880,0,45
192,85881,252,2,0,0,0,1,0,0
192,85911,168,3,0,0,0,1,0,0
11,85911,0,45
12,85925,3,18
11,85940,0,47
192,85941,74,4,0,0,0,1,0,0
15,85950,1
192,85971,216,4,0,0,0,1,0,0
11,85971,0,44
192,86001,84,5,0,0,0,1,0,0
11,86001,0,45
12,86001,3,19
192,86031,243,5,0,0,0,1,0,0
11,86031,0,44
15,86050,1
192,86061,145,6,0,0,0,1,0,0
11,86061,0,46
12,86075,3,17
11,86090,0,45
192,86091,3,7,0,0,0,1,0,0
192,86121,36,7,0,0,0,1,0,0
11,86121,0,45
192,86151,36,7,0,0,0,1,0,0
11,86151,0,47
12,86151,3,17
15,86151,1
192,86181,33,7,0,0,0,1,0,0
11,86181,0,45
192,86211,186,6,0,0,0,1,0,0
11,86211,0,44
12,86225,3,17
192,86241,28,6,0,0,0,1,0,0
11,86241,0,50
15,86250,1
192,86271,63,5,0,0,0,1,0,0
11,86271,0,48
11,86300,0,44
12,86301,3,17
192,86301,145,4,0,0,0,1,0,0
192,86331,113,4,0,0,0,1,0,0
11,86331,0,48
15,86350,1
192,86361,124,4,0,0,0,1,0,0
11,86361,0,45
12,86375,3,18
192,86391,25,5,0,0,0,1,0,0
11,86391,0,47
192,86421,232,5,0,0,0,1,0,0
11,86421,0,47
192,86451,171,6,0,0,0,1,0,0
11,86451,0,45
12,86451,3,17
15,86451,1
192,86481,31,7,0,0,0,1,0,0
11,86481,0,45
192,86511,47,7,0,0,0,1,0,0
11,86511,0,45
12,86525,3,18
192,86541,42,7,0,0,0,1,0,0
11,86541,0,45
15,86550,1
192,86571,36,7,0,0,0,1,0,0
11,86571,0,46
11,86600,0,44
12,86601,3,18
192,86601,242,6,0,0,0,1,0,0
192,86631,60,6,0,0,0,1,0,0
11,86631,0,45
15,86650,1
192,86661,73,5,0,0,0,1,0,0
11,86661,0,42
12,86675,3,17
192,86691,67,4,0,0,0,1,0,0
11,86691,0,46
192,86721,80,3,0,0,0,1,0,0
11,86721,0,45
192,86751,107,2,0,0,0,1,0,0
11,86751,0,43
12,86751,3,17
15,86751,1
192,86781,161,1,0,0,0,1,0,0
11,86781,0,48
192,86811,238,0,0,0,0,1,0,0
11,86811,0,43
12,86825,3,17
192,86841,95,0,0,0,0,1,0,0
11,86841,0,44
15,86850,1
192,86871,0,0,0,0,0,1,0,0
11,86871,0,41
11,86900,0,43
12,86901,3,18
192,86901,0,0,0,0,0,1,0,0
192,86931,0,0,0,0,0,1,0,0
11,86931,0,44
15,86950,1
192,86961,219,0,0,0,0,1,0,0
11,86961,0,45
12,86975,3,18
192,86991,143,1,0,0,0,1,0,0
11,86991,0,42
192,87021,84,2,0,0,0,1,0,0
11,87021,0,40
192,87051,44,3,0,0,0,1,0,0
11,87051,0,44
12,87051,3,17
15,87051,1
192,87081,8,4,0,0,0,1,0,0
11,87081,0,45
192,87111,224,4,0,0,0,1,0,0
11,87111,0,44
12,87125,3,17
192,87141,154,5,0,0,0,1,0,0
11,87141,0,43
15,87150,1
11,87170,0,42
192,87171,67,6,0,0,0,1,0,0
192,87201,196,6,0,0,0,1,0,0
11,87201,0,44
12,87201,3,17
192,87231,225,6,0,0,0,1,0,0
11,87231,0,44
15,87250,1
192,87261,222,6,0,0,0,1,0,0
11,87261,0,45
12,87275,3,17
192,87291,209,6,0,0,0,1,0,0
11,87291,0,44
192,87321,79,6,0,0,0,1,0,0
11,87321,0,44
192,87351,143,5,0,0,0,1,0,0
11,87351,0,43
12,87351,3,18
15,87351,1
192,87381,145,4,0,0,0,1,0,0
11,87381,0,45
192,87411,133,3,0,0,0,1,0,0
11,87411,0,43
12,87425,3,18
192,87441,125,2,0,0,0,1,0,0
11,87441,0,44
15,87450,1
192,87471,147,1,0,0,0,1,0,0
11,87471,0,44
192,87501,173,0,0,0,0,1,0,0
11,87501,0,43
12,87501,3,17
192,87531,0,0,0,0,0,1,0,0
11,87531,0,44
15,87550,1
192,87561,0,0,0,0,0,1,0,0
11,87561,0,42
12,87575,3,18
11,87590,0,46
192,87591,0,0,0,0,0,1,0,0
192,87621,0,0,0,0,0,1,0,0
11,87621,0,43
192,87651,0,0,0,0,0,1,0,0
11,87651,0,41
12,87651,3,17
15,87651,1
192,87681,0,0,0,0,0,1,0,0
11,87681,0,46
192,87711,0,0,0,0,0,1,0,0
11,87711,0,43
12,87725,3,17
192,87741,0,0,0,0,0,1,0,0
11,87741,0,43
15,87750,1
192,87771,0,0,0,0,0,1,0,0
11,87771,0,45
11,87800,0,45
12,87801,3,18
192,87801,0,0,0,0,0,1,0,0
192,87831,0,0,0,0,0,1,0,0
11,87831,0,44
15,87850,1
192,87861,0,0,0,0,0,1,0,0
11,87861,0,43
12,87875,3,17
192,87891,0,0,0,0,0,1,0,0
11,87891,0,46
192,87921,0,0,0,0,0,1,0,0
11,87921,0,42
11,87950,0,44
12,87951,3,17
15,87951,1
192,87951,0,0,0,0,0,1,0,0
11,87980,0,44
192,87981,0,0,0,0,0,1,0,0
192,88011,0,0,0,0,0,1,0,0
11,88011,0,41
12,88025,3,17
11,88040,0,44
192,88041,0,0,0,0,0,1,0,0
15,88050,1
192,88071,0,0,0,0,0,1,0,0
11,88071,0,39
192,88101,0,0,0,0,0,1,0,0
11,88101,0,42
12,88101,3,17
192,88131,0,0,0,0,0,1,0,0
11,88131,0,44
15,88150,1
192,88161,0,0,0,0,0,1,0,0
11,88161,0,41
12,88175,3,17
11,88190,0,42
192,88191,0,0,0,0,0,1,0,0
192,88221,0,0,0,0,0,1,0,0
11,88221,0,42
192,88251,0,0,0,0,0,1,0,0
11,88251,0,44
12,88251,3,17
15,88251,1
192,88281,0,0,0,0,0,1,0,0
11,88281,0,43
192,88311,0,0,0,0,0,1,0,0
11,88311,0,41
12,88325,3,18
192,88341,0,0,0,0,0,1,0,0
11,88341,0,44
15,88350,1
192,88371,0,0,0,0,0,1,0,0
11,88371,0,41
11,88400,0,42
12,88401,3,18
192,88401,0,0,0,0,0,1,0,0
192,88431,0,0,0,0,0,1,0,0
11,88431,0,47
15,88450,1
192,88461,0,0,0,0,0,1,0,0
11,88461,0,43
12,88475,3,18
192,88491,0,0,0,0,0,1,0,0
11,88491,0,42
192,88521,0,0,0,0,0,1,0,0
11,88521,0,42
11,88550,0,46
12,88551,3,18
15,88551,1
192,88551,0,0,0,0,0,1,0,0
11,88580,0,41
192,88581,0,0,0,0,0,1,0,0
192,88611,0,0,0,0,0,1,0,0
11,88611,0,43
12,88625,3,17
11,88640,0,42
192,88641,0,0,0,0,0,1,0,0
15,88650,1
192,88671,0,0,0,0,0,1,0,0
11,88671,0,44
192,88701,0,0,0,0,0,1,0,0
11,88701,0,41
12,88701,3,17
192,88731,0,0,0,0,0,1,0,0
11,88731,0,44
15,88750,1
192,88761,0,0,0,0,0,1,0,0
11,88761,0,42
12,88775,3,17
11,88790,0,41
192,88791,0,0,0,0,0,1,0,0
192,88821,0,0,0,0,0,1,0,0
11,88821,0,42
192,88851,0,0,0,0,0,1,0,0
11,88851,0,44
12,88851,3,18
15,88851,1
192,88881,0,0,0,0,0,1,0,0
11,88881,0,44
192,88911,0,0,0,0,0,1,0,0
11,88911,0,45
12,88925,3,17
192,88941,0,0,0,0,0,1,0,0
11,88941,0,44
15,88950,1
192,88971,0,0,0,0,0,1,0,0
11,88971,0,41
11,89000,0,44
12,89001,3,18
192,89001,0,0,0,0,0,1,0,0
192,89031,0,0,0,0,0,1,0,0
11,89031,0,41
15,89050,1
192,89061,0,0,0,0,0,1,0,0
11,89061,0,44
12,89075,3,17
192,89091,0,0,0,0,0,1,0,0
11,89091,0,41
192,89121,0,0,0,0,0,1,0,0
11,89121,0,42
11,89150,0,45
12,89151,3,17
15,89151,1
192,89151,0,0,0,0,0,1,0,0
11,89180,0,41
192,89181,0,0,0,0,0,1,0,0
192,89211,0,0,0,0,0,1,0,0
11,89211,0,44
12,89225,3,18
11,89240,0,40
192,89241,0,0,0,0,0,1,0,0
15,89250,1
192,89271,0,0,0,0,0,1,0,0
11,89271,0,42
192,89301,0,0,0,0,0,1,0,0
11,89301,0,43
12,89301,3,18
192,89331,0,0,0,0,0,1,0,0
11,89331,0,41
15,89350,1
192,89361,0,0,0,0,0,1,0,0
11,89361,0,41
12,89375,3,17
11,89390,0,41
192,89391,0,0,0,0,0,1,0,0
192,89421,0,0,0,0,0,1,0,0
11,89421,0,44
192,89451,0,0,0,0,0,1,0,0
11,89451,0,45
12,89451,3,17
15,89451,1
192,89481,0,0,0,0,0,1,0,0
11,89481,0,42
192,89511,0,0,0,0,0,1,0,0
11,89511,0,40
12,89525,3,18
11,89540,0,42
192,89541,0,0,0,0,0,1,0,0
15,89550,1
192,89571,0,0,0,0,0,1,0,0
11,89571,0,40
192,89601,0,0,0,0,0,1,0,0
11,89601,0,43
12,89601,3,19
192,89631,0,0,0,0,0,1,0,0
11,89631,0,40
15,89650,1
192,89661,0,0,0,0,0,1,0,0
11,89661,0,42
12,89675,3,18
11,89690,0,42
192,89691,0,0,0,0,0,1,0,0
192,89721,0,0,0,0,0,1,0,0
11,89721,0,43
192,89751,0,0,0,0,0,1,0,0
11,89751,0,41
12,89751,3,17
15,89751,1
192,89781,0,0,0,0,0,1,0,0
11,89781,0,42
192,89811,0,0,0,0,0,1,0,0
11,89811,0,41
12,89825,3,18
192,89841,0,0,0,0,0,1,0,0
11,89841,0,42
15,89850,1
192,89871,0,0,0,0,0,1,0,0
11,89871,0,44
11,89900,0,43
12,89901,3,18
192,89901,0,0,0,0,0,1,0,0
192,89931,0,0,0,0,0,1,0,0
11,89931,0,42
15,89950,1
192,89961,0,0,0,0,0,1,0,0
11,89961,0,41
12,89975,3,17
192,89991,0,0,0,0,0,1,0,0
11,89991,0,43
192,90021,0,0,0,0,0,1,0,0
11,90021,0,42
11,90050,0,41
12,90051,3,18
15,90051,1
192,90051,0,0,0,0,0,1,0,0
11,90080,0,41
192,90081,0,0,0,0,0,1,0,0
192,90111,0,0,0,0,0,1,0,0
11,90111,0,39
12,90125,3,18
11,90140,0,42
192,90141,0,0,0,0,0,1,0,0
15,90150,1
192,90171,0,0,0,0,0,1,0,0
11,90171,0,44
192,90201,0,0,0,0,0,1,0,0
12,90212,3,17
11,90212,0,42
192,90231,0,0,0,0,0,1,0,0
11,90231,0,44
15,90250,1
192,90261,0,0,0,0,0,1,0,0
11,90261,0,44
12,90275,3,18
11,90290,0,43
192,90291,0,0,0,0,0,1,0,0
192,90321,0,0,0,0,0,1,0,0
11,90321,0,42
192,90351,0,0,0,0,0,1,0,0
11,90351,0,41
12,90351,3,17
15,90351,1
192,90381,0,0,0,0,0,1,0,0
11,90381,0,40
192,90411,0,0,0,0,0,1,0,0
11,90411,0,41
12,90425,3,17
192,90441,0,0,0,0,0,1,0,0
11,90441,0,44
15,90450,1
192,90471,0,0,0,0,0,1,0,0
11,90471,0,42
11,90500,0,44
12,90501,3,18
192,90501,0,0,0,0,0,1,0,0
192,90531,0,0,0,0,0,1,0,0
11,90531,0,42
15,90550,1
192,90561,0,0,0,0,0,1,0,0
11,90561,0,41
12,90575,3,17
192,90591,0,0,0,0,0,1,0,0
11,90591,0,43
192,90621,0,0,0,0,0,1,0,0
11,90621,0,40
11,90650,0,42
12,90651,3,18
15,90651,1
192,90651,0,0,0,0,0,1,0,0
11,90680,0,42
192,90681,0,0,0,0,0,1,0,0
192,90711,0,0,0,0,0,1,0,0
11,90711,0,41
12,90725,3,18
11,90740,0,44
192,90741,0,0,0,0,0,1,0,0
15,90750,1
192,90771,0,0,0,0,0,1,0,0
11,90771,0,44
192,90801,0,0,0,0,0,1,0,0
11,90801,0,42
12,90801,3,18
192,90831,0,0,0,0,0,1,0,0
11,90831,0,42
15,90850,1
192,90861,26,1,0,0,0,1,0,0
11,90861,0,43
12,90875,3,18
11,90890,0,41
192,90891,237,1,0,0,0,1,0,0
192,90921,147,2,0,0,0,1,0,0
11,90921,0,42
192,90951,37,3,0,0,0,1,0,0
11,90951,0,43
12,90951,3,17
15,90951,1
11,90980,0,41
192,90981,179,3,0,0,0,1,0,0
192,91011,45,4,0,0,0,1,0,0
11,91011,0,42
12,91025,3,17
192,91041,146,4,0,0,0,1,0,0
11,91041,0,42
15,91050,1
192,91071,219,4,0,0,0,1,0,0
11,91071,0,44
192,91101,237,4,0,0,0,1,0,0
11,91101,0,42
12,91101,3,17
192,91131,239,4,0,0,0,1,0,0
11,91131,0,43
15,91150,1
11,91160,0,43
192,91161,239,4,0,0,0,1,0,0
12,91175,3,17
192,91191,229,4,0,0,0,1,0,0
11,91191,0,44
11,91220,0,42
192,91221,89,4,0,0,0,1,0,0
192,91251,166,3,0,0,0,1,0,0
11,91251,0,42
12,91251,3,18
15,91251,1
11,91280,0,43
192,91281,209,2,0,0,0,1,0,0
192,91311,250,1,0,0,0,1,0,0
11,91311,0,43
12,91325,3,18
192,91341,60,1,0,0,0,1,0,0
11,91341,0,40
15,91350,1
11,91370,0,43
192,91371,160,0,0,0,0,1,0,0
192,91401,0,0,0,0,0,1,0,0
11,91401,0,41
12,91401,3,17
192,91431,0,0,0,0,0,1,0,0
11,91431,0,41
15,91450,1
192,91461,0,0,0,0,0,1,0,0
11,91461,0,42
12,91475,3,18
192,91491,0,0,0,0,0,1,0,0
11,91491,0,41
192,91521,204,0,0,0,0,1,0,0
11,91521,0,45
11,91550,0,44
12,91551,3,17
15,91551,1
192,91551,132,1,0,0,0,1,0,0
11,91580,0,43
192,91581,69,2,0,0,0,1,0,0
192,91611,8,3,0,0,0,1,0,0
11,91611,0,41
12,91625,3,17
192,91641,197,3,0,0,0,1,0,0
11,91641,0,44
15,91650,1
192,91671,101,4,0,0,0,1,0,0
11,91671,0,44
192,91701,12,5,0,0,0,1,0,0
11,91701,0,43
12,91701,3,17
192,91731,141,5,0,0,0,1,0,0
11,91731,0,41
15,91750,1
11,91760,0,43
192,91761,5,6,0,0,0,1,0,0
12,91775,3,18
192,91791,88,6,0,0,0,1,0,0
11,91791,0,42
11,91820,0,41
192,91821,104,6,0,0,0,1,0,0
192,91851,98,6,0,0,0,1,0,0
11,91851,0,42
12,91851,3,17
15,91851,1
11,91880,0,45
192,91881,61,6,0,0,0,1,0,0
192,91911,195,5,0,0,0,1,0,0
11,91911,0,42
12,91925,3,18
11,91940,0,42
192,91941,37,5,0,0,0,1,0,0
15,91950,1
192,91971,121,4,0,0,0,1,0,0
11,91971,0,44
192,92001,188,3,0,0,0,1,0,0
11,92001,0,42
12,92001,3,17
192,92031,5,3,0,0,0,1,0,0
11,92031,0,42
15,92050,1
192,92061,93,2,0,0,0,1,0,0
11,92061,0,44
12,92075,3,17
11,92090,0,42
192,92091,199,1,0,0,0,1,0,0
192,92121,52,1,0,0,0,1,0,0
11,92121,0,44
192,92151,199,0,0,0,0,1,0,0
11,92151,0,44
12,92151,3,17
15,92151,1
11,92180,0,41
192,92181,137,0,0,0,0,1,0,0
192,92211,132,0,0,0,0,1,0,0
11,92211,0,41
12,92225,3,17
192,92241,134,0,0,0,0,1,0,0
11,92241,0,40
15,92250,1
192,92271,171,0,0,0,0,1,0,0
11,92271,0,41
192,92301,67,1,0,0,0,1,0,0
11,92301,0,41
12,92301,3,18
192,92331,242,1,0,0,0,1,0,0
11,92331,0,39
15,92350,1
192,92361,178,2,0,0,0,1,0,0
11,92361,0,44
12,92375,3,17
192,92391,121,3,0,0,0,1,0,0
11,92391,0,40
192,92421,66,4,0,0,0,1,0,0
11,92421,0,41
11,92450,0,42
12,92451,3,17
15,92451,1
192,92451,237,4,0,0,0,1,0,0
11,92480,0,44
192,92481,138,5,0,0,0,1,0,0
192,92511,25,6,0,0,0,1,0,0
11,92511,0,43
12,92525,3,17
11,92540,0,42
192,92541,129,6,0,0,0,1,0,0
15,92550,1
192,92571,214,6,0,0,0,1,0,0
11,92571,0,44
192,92601,236,6,0,0,0,1,0,0
11,92601,0,41
12,92601,3,17
192,92631,212,6,0,0,0,1,0,0
11,92631,0,43
15,92650,1
11,92660,0,43
192,92661,180,6,0,0,0,1,0,0
12,92675,3,18
192,92691,58,6,0,0,0,1,0,0
11,92691,0,42
192,92721,158,5,0,0,0,1,0,0
11,92721,0,45
11,92750,0,43
12,92751,3,17
15,92751,1
192,92751,254,4,0,0,0,1,0,0
11,92780,0,42
192,92781,62,4,0,0,0,1,0,0
192,92811,103,3,0,0,0,1,0,0
11,92811,0,41
12,92825,3,17
192,92841,154,2,0,0,0,1,0,0
11,92841,0,42
15,92850,1
192,92871,224,1,0,0,0,1,0,0
11,92871,0,42
192,92901,60,1,0,0,0,1,0,0
11,92901,0,40
12,92901,3,18
192,92931,163,0,0,0,0,1,0,0
11,92931,0,42
15,92950,1
192,92961,0,0,0,0,0,1,0,0
11,92961,0,42
12,92975,3,17
192,92991,0,0,0,0,0,1,0,0
11,92991,0,40
192,93021,0,0,0,0,0,1,0,0
11,93021,0,38
11,93050,0,41
12,93051,3,17
15,93051,1
192,93051,0,0,0,0,0,1,0,0
11,93080,0,41
192,93081,0,0,0,0,0,1,0,0
192,93111,238,0,0,0,0,1,0,0
11,93111,0,42
12,93125,3,18
192,93141,182,1,0,0,0,1,0,0
11,93141,0,46
15,93150,1
11,93170,0,44
192,93171,118,2,0,0,0,1,0,0
192,93201,76,3,0,0,0,1,0,0
11,93201,0,43
12,93201,3,17
192,93231,8,4,0,0,0,1,0,0
11,93231,0,44
15,93250,1
192,93261,167,4,0,0,0,1,0,0
11,93261,0,41
12,93275,3,17
192,93291,41,5,0,0,0,1,0,0
11,93291,0,41
192,93321,138,5,0,0,0,1,0,0
11,93321,0,42
192,93351,217,5,0,0,0,1,0,0
11,93351,0,42
12,93351,3,18
15,93351,1
192,93381,30,6,0,0,0,1,0,0
11,93381,0,41
192,93411,83,6,0,0,0,1,0,0
11,93411,0,42
12,93425,3,17
192,93441,119,6,0,0,0,1,0,0
11,93441,0,42
15,93450,1
11,93470,0,42
192,93471,139,6,0,0,0,1,0,0
192,93501,137,6,0,0,0,1,0,0
11,93501,0,40
12,93501,3,17
192,93531,134,6,0,0,0,1,0,0
11,93531,0,40
15,93550,1
192,93561,134,6,0,0,0,1,0,0
11,93561,0,41
12,93575,3,18
192,93591,103,6,0,0,0,1,0,0
11,93591,0,43
192,93621,19,6,0,0,0,1,0,0
11,93621,0,43
11,93650,0,40
12,93651,3,18
15,93651,1
192,93651,185,5,0,0,0,1,0,0
11,93680,0,42
192,93681,145,5,0,0,0,1,0,0
192,93711,145,5,0,0,0,1,0,0
11,93711,0,40
12,93725,3,17
192,93741,145,5,0,0,0,1,0,0
11,93741,0,44
15,93750,1
192,93771,145,5,0,0,0,1,0,0
11,93771,0,42
192,93801,209,5,0,0,0,1,0,0
11,93801,0,42
12,93801,3,18
192,93831,49,6,0,0,0,1,0,0
11,93831,0,43
15,93850,1
11,93860,0,45
192,93861,129,6,0,0,0,1,0,0
12,93875,3,17
192,93891,168,6,0,0,0,1,0,0
11,93891,0,43
11,93920,0,44
192,93921,160,6,0,0,0,1,0,0
192,93951,139,6,0,0,0,1,0,0
11,93951,0,42
12,93951,3,17
15,93951,1
11,93980,0,45
192,93981,244,5,0,0,0,1,0,0
192,94011,81,5,0,0,0,1,0,0
11,94011,0,42
12,94025,3,17
192,94041,129,4,0,0,0,1,0,0
11,94041,0,42
15,94050,1
192,94071,168,3,0,0,0,1,0,0
11,94071,0,40
192,94101,20,3,0,0,0,1,0,0
11,94101,0,45
12,94101,3,18
192,94131,175,2,0,0,0,1,0,0
11,94131,0,41
15,94150,1
11,94160,0,42
192,94161,125,2,0,0,0,1,0,0
12,94175,3,18
192,94191,125,2,0,0,0,1,0,0
11,94191,0,41
11,94220,0,42
192,94221,125,2,0,0,0,1,0,0
192,94251,183,2,0,0,0,1,0,0
11,94251,0,41
12,94251,3,17
15,94251,1
11,94280,0,40
192,94281,121,3,0,0,0,1,0,0
192,94311,66,4,0,0,0,1,0,0
11,94311,0,42
12,94325,3,17
11,94340,0,43
192,94341,221,4,0,0,0,1,0,0
15,94350,1
192,94371,74,5,0,0,0,1,0,0
11,94371,0,41
192,94401,124,5,0,0,0,1,0,0
11,94401,0,42
12,94401,3,18
192,94431,113,5,0,0,0,1,0,0
11,94431,0,41
15,94450,1
192,94461,76,5,0,0,0,1,0,0
11,94461,0,44
12,94475,3,18
11,94490,0,43
192,94491,199,4,0,0,0,1,0,0
192,94521,23,4,0,0,0,1,0,0
11,94521,0,42
192,94551,80,3,0,0,0,1,0,0
11,94551,0,44
12,94551,3,17
15,94551,1
192,94581,145,2,0,0,0,1,0,0
11,94581,0,43
192,94611,247,1,0,0,0,1,0,0
11,94611,0,42
12,94625,3,17
11,94640,0,43
192,94641,122,1,0,0,0,1,0,0
15,94650,1
192,94671,59,1,0,0,0,1,0,0
11,94671,0,42
192,94701,60,1,0,0,0,1,0,0
11,94701,0,38
12,94701,3,18
192,94731,59,1,0,0,0,1,0,0
11,94731,0,43
15,94750,1
192,94761,65,1,0,0,0,1,0,0
11,94761,0,42
12,94775,3,18
11,94790,0,42
192,94791,158,1,0,0,0,1,0,0
192,94821,18,2,0,0,0,1,0,0
11,94821,0,42
192,94851,146,2,0,0,0,1,0,0
11,94851,0,41
12,94851,3,17
15,94851,1
11,94880,0,44
192,94881,31,3,0,0,0,1,0,0
192,94911,176,3,0,0,0,1,0,0
11,94911,0,43
12,94925,3,17
192,94941,60,4,0,0,0,1,0,0
11,94941,0,43
15,94950,1
192,94971,192,4,0,0,0,1,0,0
11,94971,0,42
192,95001,67,5,0,0,0,1,0,0
11,95001,0,39
12,95001,3,18
192,95031,162,5,0,0,0,1,0,0
11,95031,0,43
15,95050,1
192,95061,217,5,0,0,0,1,0,0
11,95061,0,40
12,95075,3,17
192,95091,225,5,0,0,0,1,0,0
11,95091,0,41
192,95121,219,5,0,0,0,1,0,0
11,95121,0,39
11,95150,0,41
12,95151,3,18
15,95151,1
192,95151,219,5,0,0,0,1,0,0
11,95180,0,40
192,95181,219,5,0,0,0,1,0,0
192,95211,222,5,0,0,0,1,0,0
11,95211,0,42
12,95225,3,18
192,95241,219,5,0,0,0,1,0,0
11,95241,0,43
15,95250,1
192,95271,216,5,0,0,0,1,0,0
11,95271,0,44
192,95301,222,5,0,0,0,1,0,0
11,95301,0,39
12,95301,3,17
192,95331,225,5,0,0,0,1,0,0
11,95331,0,42
15,95350,1
11,95360,0,44
192,95361,222,5,0,0,0,1,0,0
12,95375,3,17
192,95391,222,5,0,0,0,1,0,0
11,95391,0,41
11,95420,0,43
192,95421,222,5,0,0,0,1,0,0
192,95451,225,5,0,0,0,1,0,0
11,95451,0,42
12,95451,3,18
15,95451,1
11,95480,0,42
192,95481,222,5,0,0,0,1,0,0
192,95511,222,5,0,0,0,1,0,0
11,95511,0,39
12,95525,3,17
192,95541,222,5,0,0,0,1,0,0
11,95541,0,43
15,95550,1
192,95571,222,5,0,0,0,1,0,0
11,95571,0,41
192,95601,222,5,0,0,0,1,0,0
11,95601,0,41
12,95601,3,17
192,95631,225,5,0,0,0,1,0,0
11,95631,0,41
15,95650,1
11,95660,0,41
192,95661,222,5,0,0,0,1,0,0
12,95675,3,17
192,95691,222,5,0,0,0,1,0,0
11,95691,0,40
11,95720,0,43
192,95721,219,5,0,0,0,1,0,0
192,95751,222,5,0,0,0,1,0,0
11,95751,0,42
12,95751,3,16
15,95751,1
11,95780,0,41
192,95781,219,5,0,0,0,1,0,0
192,95811,222,5,0,0,0,1,0,0
11,95811,0,43
12,95825,3,18
192,95841,219,5,0,0,0,1,0,0
11,95841,0,42
15,95850,1
192,95871,222,5,0,0,0,1,0,0
11,95871,0,42
192,95901,222,5,0,0,0,1,0,0
11,95901,0,40
12,95901,3,18
192,95931,222,5,0,0,0,1,0,0
11,95931,0,41
15,95950,1
11,95960,0,41
192,95961,219,5,0,0,0,1,0,0
12,95975,3,17
192,95991,222,5,0,0,0,1,0,0
11,95991,0,40
11,96020,0,41
192,96021,222,5,0,0,0,1,0,0
192,96051,219,5,0,0,0,1,0,0
11,96051,0,41
12,96051,3,17
15,96051,1
11,96080,0,44
192,96081,219,5,0,0,0,1,0,0
192,96111,222,5,0,0,0,1,0,0
11,96111,0,41
12,96125,3,18
192,96141,222,5,0,0,0,1,0,0
11,96141,0,41
15,96150,1
192,96171,222,5,0,0,0,1,0,0
11,96171,0,43
192,96201,222,5,0,0,0,1,0,0
11,96201,0,44
12,96201,3,17
192,96231,219,5,0,0,0,1,0,0
11,96231,0,44
15,96250,1
11,96260,0,44
192,96261,219,5,0,0,0,1,0,0
12,96275,3,18
192,96291,222,5,0,0,0,1,0,0
11,96291,0,40
11,96320,0,43
192,96321,219,5,0,0,0,1,0,0
192,96351,219,5,0,0,0,1,0,0
11,96351,0,38
12,96351,3,16
15,96351,1
11,96380,0,41
192,96381,222,5,0,0,0,1,0,0
192,96411,219,5,0,0,0,1,0,0
11,96411,0,44
12,96425,3,17
11,96440,0,41
192,96441,219,5,0,0,0,1,0,0
15,96450,1
192,96471,219,5,0,0,0,1,0,0
11,96471,0,41
192,96501,219,5,0,0,0,1,0,0
11,96501,0,43
12,96501,3,18
192,96531,219,5,0,0,0,1,0,0
11,96531,0,42
15,96550,1
192,96561,219,5,0,0,0,1,0,0
11,96561,0,39
12,96575,3,17
11,96590,0,43
192,96591,219,5,0,0,0,1,0,0
192,96621,216,5,0,0,0,1,0,0
11,96621,0,42
192,96651,219,5,0,0,0,1,0,0
11,96651,0,42
12,96651,3,17
15,96651,1
11,96680,0,43
192,96681,219,5,0,0,0,1,0,0
192,96711,219,5,0,0,0,1,0,0
11,96711,0,41
12,96725,3,17
11,96740,0,40
192,96741,222,5,0,0,0,1,0,0
15,96750,1
192,96771,219,5,0,0,0,1,0,0
11,96771,0,44
192,96801,222,5,0,0,0,1,0,0
11,96801,0,41
12,96801,3,17
192,96831,219,5,0,0,0,1,0,0
11,96831,0,45
15,96850,1
192,96861,219,5,0,0,0,1,0,0
11,96861,0,39
12,96875,3,17
11,96890,0,42
192,96891,219,5,0,0,0,1,0,0
192,96921,225,5,0,0,0,1,0,0
11,96921,0,44
192,96951,222,5,0,0,0,1,0,0
11,96951,0,42
12,96951,3,18
15,96951,1
192,96981,222,5,0,0,0,1,0,0
11,96981,0,41
192,97011,219,5,0,0,0,1,0,0
11,97011,0,41
12,97025,3,17
192,97041,219,5,0,0,0,1,0,0
11,97041,0,45
15,97050,1
192,97071,219,5,0,0,0,1,0,0
11,97071,0,42
11,97100,0,45
12,97101,3,17
192,97101,203,5,0,0,0,1,0,0
192,97131,131,5,0,0,0,1,0,0
11,97131,0,40
15,97150,1
192,97161,8,5,0,0,0,1,0,0
11,97161,0,43
12,97175,3,18
192,97191,88,4,0,0,0,1,0,0
11,97191,0,41
192,97221,119,3,0,0,0,1,0,0
11,97221,0,43
11,97250,0,40
12,97251,3,18
15,97251,1
192,97251,99,2,0,0,0,1,0,0
11,97280,0,42
192,97281,34,1,0,0,0,1,0,0
192,97311,0,0,0,0,0,1,0,0
11,97311,0,41
12,97325,3,17
11,97340,0,41
192,97341,0,0,0,0,0,1,0,0
15,97350,1
192,97371,0,0,0,0,0,1,0,0
11,97371,0,38
192,97401,0,0,0,0,0,1,0,0
11,97401,0,45
12,97401,3,17
192,97431,0,0,0,0,0,1,0,0
11,97431,0,41
15,97450,1
192,97461,0,0,0,0,0,1,0,0
11,97461,0,44
12,97475,3,18
11,97490,0,44
192,97491,0,0,0,0,0,1,0,0
192,97521,0,0,0,0,0,1,0,0
11,97521,0,40
192,97551,0,0,0,0,0,1,0,0
11,97551,0,41
12,97551,3,17
15,97551,1
192,97581,0,0,0,0,0,1,0,0
11,97581,0,42
192,97611,0,0,0,0,0,1,0,0
11,97611,0,41
12,97625,3,17
192,97641,0,0,0,0,0,1,0,0
11,97641,0,45
15,97650,1
192,97671,0,0,0,0,0,1,0,0
11,97671,0,46
11,97700,0,42
12,97701,3,18
192,97701,0,0,0,0,0,1,0,0
192,97731,0,0,0,0,0,1,0,0
11,97731,0,41
15,97750,1
192,97761,0,0,0,0,0,1,0,0
11,97761,0,41
12,97775,3,18
192,97791,0,0,0,0,0,1,0,0
11,97791,0,39
192,97821,0,0,0,0,0,1,0,0
11,97821,0,42
11,97850,0,42
12,97851,3,17
15,97851,1
192,97851,0,0,0,0,0,1,0,0
11,97880,0,43
192,97881,0,0,0,0,0,1,0,0
192,97911,0,0,0,0,0,1,0,0
11,97911,0,45
12,97925,3,17
192,97941,0,0,0,0,0,1,0,0
11,97941,0,41
15,97950,1
192,97971,0,0,0,0,0,1,0,0
11,97971,0,42
192,98001,0,0,0,0,0,1,0,0
11,98001,0,41
12,98001,3,17
192,98031,0,0,0,0,0,1,0,0
11,98031,0,41
15,98050,1
11,98060,0,42
192,98061,0,0,0,0,0,1,0,0
12,98075,3,18
192,98091,0,0,0,0,0,1,0,0
11,98091,0,42
11,98120,0,42
192,98121,0,0,0,0,0,1,0,0
192,98151,0,0,0,0,0,1,0,0
11,98151,0,41
12,98151,3,16
15,98151,1
11,98180,0,44
192,98181,0,0,0,0,0,1,0,0
192,98211,0,0,0,0,0,1,0,0
11,98211,0,44
12,98225,3,18
11,98240,0,40
192,98241,0,0,0,0,0,1,0,0
15,98250,1
192,98271,0,0,0,0,0,1,0,0
11,98271,0,42
192,98301,0,0,0,0,0,1,0,0
11,98301,0,41
12,98301,3,17
192,98331,0,0,0,0,0,1,0,0
11,98331,0,44
15,98350,1
192,98361,0,0,0,0,0,1,0,0
11,98361,0,42
12,98375,3,18
11,98390,0,41
192,98391,0,0,0,0,0,1,0,0
192,98421,0,0,0,0,0,1,0,0
11,98421,0,40
192,98451,0,0,0,0,0,1,0,0
11,98451,0,42
12,98451,3,17
15,98451,1
192,98481,0,0,0,0,0,1,0,0
11,98481,0,41
192,98511,0,0,0,0,0,1,0,0
11,98511,0,43
12,98525,3,17
11,98540,0,42
192,98541,0,0,0,0,0,1,0,0
15,98550,1
192,98571,0,0,0,0,0,1,0,0
11,98571,0,40
192,98601,0,0,0,0,0,1,0,0
11,98601,0,42
12,98601,3,18
192,98631,0,0,0,0,0,1,0,0
11,98631,0,44
15,98650,1
192,98661,0,0,0,0,0,1,0,0
11,98661,0,44
12,98675,3,17
11,98690,0,43
192,98691,0,0,0,0,0,1,0,0
192,98721,0,0,0,0,0,1,0,0
11,98721,0,40
192,98751,0,0,0,0,0,1,0,0
11,98751,0,44
12,98751,3,18
15,98751,1
192,98781,0,0,0,0,0,1,0,0
11,98781,0,41
192,98811,0,0,0,0,0,1,0,0
11,98811,0,42
12,98825,3,17
11,98840,0,43
192,98841,0,0,0,0,0,1,0,0
15,98850,1
192,98871,0,0,0,0,0,1,0,0
11,98871,0,43
192,98901,0,0,0,0,0,1,0,0
11,98901,0,42
12,98901,3,19
192,98931,0,0,0,0,0,1,0,0
11,98931,0,40
15,98950,1
192,98961,0,0,0,0,0,1,0,0
11,98961,0,39
12,98975,3,18
11,98990,0,43
192,98991,0,0,0,0,0,1,0,0
192,99021,0,0,0,0,0,1,0,0
11,99021,0,41
192,99051,0,0,0,0,0,1,0,0
11,99051,0,43
12,99051,3,17
15,99051,1
192,99081,0,0,0,0,0,1,0,0
11,99081,0,42
192,99111,0,0,0,0,0,1,0,0
11,99111,0,43
12,99125,3,18
192,99141,0,0,0,0,0,1,0,0
11,99141,0,40
15,99150,1
192,99171,0,0,0,0,0,1,0,0
11,99171,0,39
11,99200,0,41
12,99201,3,18
192,99201,0,0,0,0,0,1,0,0
192,99231,0,0,0,0,0,1,0,0
11,99231,0,44
15,99250,1
192,99261,0,0,0,0,0,1,0,0
11,99261,0,44
12,99275,3,18
192,99291,0,0,0,0,0,1,0,0
11,99291,0,41
192,99321,0,0,0,0,0,1,0,0
11,99321,0,44
11,99350,0,40
12,99351,3,17
15,99351,1
192,99351,0,0,0,0,0,1,0,0
11,99380,0,41
192,99381,0,0,0,0,0,1,0,0
192,99411,0,0,0,0,0,1,0,0
11,99411,0,43
12,99425,3,18
11,99440,0,43
192,99441,0,0,0,0,0,1,0,0
15,99450,1
192,99471,0,0,0,0,0,1,0,0
11,99471,0,44
192,99501,0,0,0,0,0,1,0,0
11,99501,0,41
12,99501,3,17
192,99531,0,0,0,0,0,1,0,0
11,99531,0,41
15,99550,1
192,99561,0,0,0,0,0,1,0,0
11,99561,0,41
12,99575,3,18
11,99590,0,42
192,99591,0,0,0,0,0,1,0,0
192,99621,0,0,0,0,0,1,0,0
11,99621,0,43
192,99651,0,0,0,0,0,1,0,0
11,99651,0,39
12,99651,3,18
15,99651,1
192,99681,0,0,0,0,0,1,0,0
11,99681,0,41
192,99711,0,0,0,0,0,1,0,0
11,99711,0,44
12,99725,3,18
192,99741,0,0,0,0,0,1,0,0
11,99741,0,41
15,99750,1
192,99771,0,0,0,0,0,1,0,0
11,99771,0,45
11,99800,0,45
12,99801,3,17
192,99801,0,0,0,0,0,1,0,0
192,99831,0,0,0,0,0,1,0,0
11,99831,0,42
15,99850,1
192,99861,0,0,0,0,0,1,0,0
11,99861,0,41
12,99875,3,17
192,99891,0,0,0,0,0,1,0,0
11,99891,0,41
192,99921,0,0,0,0,0,1,0,0
11,99921,0,40
11,99950,0,42
12,99951,3,18
15,99951,0
192,99951,0,0,0,0,1,0,0,0
192,99952,0,0,0,0,0,1,0,0
